"","GEL-CNS_common_SBS5","GEL-CNS_common_SBS8","GEL-CNS_common_SBS120","GEL-CNS_common_SBS3","GEL-CNS_common_SBS1","GEL-CNS_rare_SBS11_a","GEL-CNS_rare_SBS113","GEL-CNS_rare_SBS11_b","GEL-CNS_rare_SBS14","GEL-CNS_rare_SBS121","GEL-CNS_rare_SBS4","GEL-CNS_rare_SBS17","GEL-CNS_rare_SBS7a","GEL-CNS_rare_SBS119","GEL-CNS_rare_SBS137","GEL-CNS_rare_SBS2+13"
"A[C>A]A",0.0144562066153964,0.0305705341935254,0.00933878684014396,0.0183154138499227,0.0113483828040093,0.00065853597923508,1.06518159550556e-08,1.4539370865482e-58,1.67715710235561e-188,0.0156160142464602,0.0406662822983207,0.00266587309018216,0.000787007123259045,0.00549159535941368,0.00275390759916752,0.00629167195337822
"A[C>A]C",0.0110396205318429,0.0263030919887566,0.0075539306183912,0.0126039298326592,0.00734744914850489,0.000791802048882628,6.36012647699302e-07,6.96512197783682e-05,0.0030671136732251,0.0032614235460287,0.0234192970038875,0.00140343093614101,0.000278521409175554,0.00671543543167452,0.00597081802552087,0.00140047693076188
"A[C>A]G",0.00279012958835659,0.00308108965961723,0.00161182940835006,0.00209529191277305,0.00124443598205523,3.09607534490901e-123,1.38433610227211e-13,3.13459949003979e-319,1.19920326356325e-93,9.49817192011419e-179,0.00996580754125347,0.000412545431120889,5.44637694756618e-05,0.000897718981355163,0.000478014144527222,0.00478631452734486
"A[C>A]T",0.00707441071037766,0.0335077555609449,0.00930554744251307,0.014746319387711,0.00632031600357354,0.00091687218571556,1.61350664926405e-18,0.000149711072736165,0.0273155099778817,0.0126436842430804,0.0270174537292626,0.00128600307183093,0.0005934616167491,0.000732970289909363,0.00652245030314259,0.000823710527879703
"C[C>A]A",0.0108120209724364,0.0228675708941002,0.00741598562041176,0.00705342666663396,0.00542140730845519,0.000672049806818267,0.00911167689976551,7.92419327329784e-05,0.00414007308705632,0.00554723241304342,0.0570892929467449,0.000938468471659278,0.0015566442985316,0.00600021533695024,0.00349555432779826,0.0255413090633802
"C[C>A]C",0.00529501868412953,0.024734271245497,0.00220541100056145,0.00842187664583236,0.00679438963060199,0.0015035527884482,0.00372728975039985,0.000150337039615001,0.00631232980498482,0.000558677806795818,0.050589346953548,0.00184241702140606,0.00086263557756339,0.00478161407866054,0.00692967542384754,0.0187101964787375
"C[C>A]G",0.00154211615961255,0.00230230542413619,0.000904549623386565,0.000268009225740661,0.000610861440772127,5.66689058011335e-05,0.00206261159923932,1.27048983078912e-05,0.000584070980927404,0.000995794007210701,0.0113568215257111,0.000107055336217502,0.000177052510568738,0.00120369791921907,0.000209603655109055,0.00698028803747487
"C[C>A]T",0.00596519264450938,0.025467242997716,0.00402959213971047,0.0107003867239819,0.00679854761038576,0.00116492204088449,4.1396381287172e-05,0.000309749964470662,0.0739935228489232,0.00303248310330728,0.0473881254576122,0.00071852075253316,0.0010400553930564,0.00455541706989131,0.00496256624801026,0.0226221094560703
"G[C>A]A",0.00753423412532245,0.0117804569914683,0.00554298827090375,0.0104332389960817,0.00429226471237927,0.000209362737371516,0.00434671221897598,6.03835401868604e-76,0.00162208404972896,0.000928989342766904,0.0278596019814512,0.00201171398137636,0.000341474479459074,0.00364410826951422,2.97468930982938e-32,0.0113038720985164
"G[C>A]C",0.00538424480456751,0.0111297305573562,0.00321978838599432,0.00668261270255228,0.00368152127025067,0.000374375743221293,3.25613035453818e-06,8.01281140549646e-05,0.00771056940845086,5.38878035213001e-06,0.0250143212863965,0.00120756809147791,0.000112082090630821,0.00442102778781665,0.00219263026007368,0.00696774071663188
"G[C>A]G",0.00181477159135396,0.00108386267336693,0.000413898013706905,0.000892569115468345,0.00075073988447074,1.04252195234977e-217,0.00072903072913385,6.45754959636947e-161,0.00044574035981639,3.71995658138928e-155,0.00759137125582737,4.13154496225065e-315,4.3080391816938e-05,0.00124618943386733,2.90315531574682e-97,0.00478563766190686
"G[C>A]T",0.00561962214767319,0.015098463532834,0.00216345662728028,0.00669503249766643,0.00390632835820791,0.000276367418149003,2.06023994645647e-14,0.00017642749470179,0.0530251299032131,0.00783200671727417,0.0191157555083765,0.000943493002368813,0.000166508472544858,0.00206142292846063,0.00137703223841562,0.00403281661312411
"T[C>A]A",0.00834432087313851,0.0155090210141943,0.00510399681859368,0.0177829675485072,0.00684979945580275,0.000448953536135052,0.00241168879501493,4.75502236040802e-68,0.00126731431187029,0.00739387166059314,0.0382006467837539,0.00473671452307896,0.00144273040528162,0.00617411596946982,0.00177023823357921,0.0364864817365941
"T[C>A]C",0.0128243417473859,0.0163533446881363,3.98881531555822e-09,0.0106468120516871,0.00474697841856331,0.00173047256422322,0.0089900579421322,0.00013071552388584,0.0100344931629327,0.00149713110988736,0.0397342040034006,0.00205295045962609,0.00201825194679887,0.0149059807018283,0.00329711231142702,0.022241651596032
"T[C>A]G",0.00197192636266202,0.00151369545032135,0.000664177660825678,0.00141724046512728,0.000705875777160046,3.99343463611544e-185,0.00107191025304988,0,5.12763562903379e-06,0.000350246250639759,0.0059429141544044,0.000776629698549007,9.18023667745471e-05,0.000841963791556891,0.000608175656228818,0.00416578672149525
"T[C>A]T",0.0104538607680141,0.0227403388722292,0.00433258253703849,0.0228254544101277,0.00777418558013174,0.000766714186169635,0.0046655955037895,0.00018062351182934,0.0798378817306568,0.0144733028883453,0.044897250704938,0.00624472817830983,0.00134377281500778,0.0117744699040753,0.00496493817228175,0.0276972974082834
"A[C>G]A",0.00444531149626874,0.0104383182278611,0.00573557828365142,0.0173121874799045,0.00443883228634318,0.000277818881321563,0.00384646924527851,4.45681188477352e-05,9.32267286918974e-63,0.0292669420212666,0.00894304421737347,0.00055006547920326,0.000467133324638388,0.00148091067365104,0.00472199001339581,0.00186244372911231
"A[C>G]C",0.00249372714119176,0.00504120317319254,0.00518649212006937,0.0107349134248515,0.000842736318185879,0.000368431163092531,0.0110575449888717,3.24312405805299e-05,2.81480293133822e-79,0.022961652442558,0.00329460209416063,1.89017738251032e-222,0.000324288719381939,0.00809826307099633,0.00146656916612697,0.000540524585619403
"A[C>G]G",0.000881094940889344,0.00215334144324907,0.000312385285188089,0.00176620618565871,0.000479112882125468,2.36141644942945e-05,4.11502311625646e-62,4.25770100248414e-06,0,0.00156564021820435,0.00195784881046508,1.27609552845297e-307,0.000243735381446479,0.000766082408350273,0.000513617393376052,0.00033326022322917
"A[C>G]T",0.000861206349846473,0.00901057509053041,0.00933230887465539,0.0349903476508962,0.00257924776079899,0.000596934686431383,0.00349383782797138,9.10336367858926e-05,7.15822892340619e-105,0.0778556010261817,0.00333832670261577,3.18028099590774e-37,0.000794540774175742,0.00393458849016251,0.00332469544809572,0.00107287757815494
"C[C>G]A",0.00141237449561157,0.00411519990114394,0.00247439992175534,0.00794084223694333,0.00228133883280538,0.00022512502544843,0.0036538428381164,2.2505656673341e-05,0,0.00946719071316011,0.00823641573124316,0.000966067798395988,0.000370694315325018,0.00139975746757732,0.0018043384692535,0.00544788222255748
"C[C>G]C",0.00363598602357823,0.00496702770905643,0.00321757589903557,0.00904549475458767,0.00121876854493081,0.000150994444989901,0.00122842931133013,3.78250154221444e-130,0,0.00427392651946175,0.00674914823509871,9.35308911057335e-96,0.000479646353876517,0.00194019123072407,0.00170131435310433,0.0019866472950835
"C[C>G]G",0.00106565464202369,0.00125106080677138,0.000726668775791542,0.00115081710276285,0.000441320200216951,7.90977586091233e-227,0.00246466386230311,4.23044810749017e-185,0,0.00128540182069213,0.00284839003571728,0.000260749132513578,0.000346435898175315,0.000767632661826402,5.97408525609199e-312,0.00145903814952491
"C[C>G]T",0.00310979298047984,0.00582683907888731,0.00608816096596676,0.0158178133583584,0.00154606804540347,0.000158622172431182,0.00240429614968142,3.48924055203048e-05,0,0.0181260237856025,0.00685136848366084,0.000808311852090954,0.000475554488686127,0.00247256233565784,0.00487977294282458,0.00389721976020924
"G[C>G]A",0.00173428006119254,0.0022926019043268,0.00303836285221725,0.00551001120018934,0.00179301570458116,8.97932364253002e-05,0.00218354283712409,3.98160076347084e-57,0.000170000781845982,0.0073743882012579,0.00582056139413991,0.000299622774984858,0.000160600069866875,0.00166497923773975,0.000848772308912259,0.00358616933431136
"G[C>G]C",0.000482114139215711,0.000797196651565413,0.00629652445437485,0.0101746281144203,0.00102414933775418,0.000171645531230116,0.00244934149202622,4.69055631692011e-05,9.77805862788835e-05,0.0391765028832426,0.00424072117346365,0.000185837238198815,0.000361741470813823,0.00266795106050539,0.00101633370186813,0.00249480428206952
"G[C>G]G",0.00128406089063506,0.000650183469243459,0.000809230871394891,0.000747245452887517,6.60757015092688e-05,0,0.000635860927628574,0,6.55675894249872e-300,0.000331823902996511,0.00185112297081058,0,6.78785060779218e-05,0.000351424614755941,4.44708780256512e-14,0.00111562532667615
"G[C>G]T",0.00111796455011432,0.00376961672475254,0.00448521847060793,0.0127344357592487,0.000863712041585833,0.000182423037866468,0.00576221097914655,2.96891646262633e-05,0.000104254712987123,0.0203984918849291,0.00326805054853747,0.000244038055268784,0.000440306221163362,0.00258117985154862,0.00146663415335611,0.00118665402949246
"T[C>G]A",2.90558040517119e-11,0.00530960895461465,0.00317444156400322,0.0295978098972144,0.00417136053034076,0.000333220150656914,7.38520989590227e-18,4.72628911889928e-05,3.10709003570881e-303,0.0468505734250643,0.0146473448851652,0.0208959865976249,0.000570236914447011,0.00257806659349318,0.00646102649704639,0.105371765120112
"T[C>G]C",0.00228332513789226,0.00629595928729177,0.00470613753998837,0.0181674173234742,0.00217784588744034,0.00046483597937992,0.00346979672471209,4.18886038554998e-05,0,0.0167874457628812,0.00832337048844209,0.00291427310599989,0.000886568277848563,0.00465209307172027,0.00445755339977503,0.0222574371559535
"T[C>G]G",0.000672569241952994,0.000674055523507288,0.00129952487464985,0.00112863216857077,0.000421155310771522,1.35527036222135e-71,4.7890460082062e-36,1.10438077440563e-05,0,0.00426818267456323,0.00220766080033179,0.000482316159193256,0.000193209251968019,7.51054996081157e-05,3.35177339183071e-116,0.00495918172531987
"T[C>G]T",7.20387795721189e-21,0.00933859080644836,0.0127847735025375,0.0737458879029379,0.00716331259587101,0.000817666978806046,0.00141938424340832,0.000136165588167726,0,0.137818920840667,0.0147354482258189,0.0212755770102033,0.00158552377725269,0.00951976003828828,0.0093444223742824,0.12441716562079
"A[C>T]A",0.0445293217298328,0.0305733723337027,0.0137849645666115,0.0110825810172397,0.0178656967501991,0.0374594017467747,0.00730806152756716,0.026824465756814,0.0266689007044402,0.00888916042427498,0.0126529696018568,0.00255750879709341,0.000346136327591307,0.016156799905218,0.0195027560011494,0.00714872732691053
"A[C>T]C",0.0251420494707133,0.00827201950423935,0.00862405659592409,0.00158374729586608,0.00915334437509488,0.112162963602319,0.00655590337628836,0.117477969575734,0.0275923720133252,0.00146070804479692,0.00590826728523033,0.000816481200946506,0.018011453324102,0.013241729544228,0.0484954002239007,0.00159117378746105
"A[C>T]G",0.0420664467892956,0.0546643162217454,0.000578249724185368,0.0304180886615123,0.29555460125509,0.0138758172601428,0.00152220864149399,0.00437769403546344,0.0562110113744407,0.0109851177865303,1.01428921148119e-115,0.00306938627421862,3.35675897441198e-182,0.00507223629824366,0.0122782137975499,0.0024018571376571
"A[C>T]T",0.0366833666552838,0.0211234234040553,0.0120980005324929,0.000874905159915526,0.00902302060047877,0.117444703830762,0.000365843546137875,0.0908570190827369,0.0298581208744384,0.00598168743110232,0.00796709115742122,0.000701375187075882,0.0083545356197975,0.0122348752063137,0.0304157680199183,0.000526046580465582
"C[C>T]A",0.0506871429922029,0.0111363893235733,0.00962334347028029,0.00269015959233435,0.00851140334273119,0.0279411056721811,0.00752095841998941,0.0210798601677801,0.00328421187064874,0.0040485437262202,0.0152467216898009,0.00292514274531043,0.0535869623757442,0.012266346908196,0.045790776703042,0.00930831650459185
"C[C>T]C",0.0722775875536417,0.0139609203772809,0.00579698311495407,0.0044691458894308,0.00486803959256382,0.117846853881629,0.0137171052083476,0.11985506298629,0.0152773198781591,0.00150369027234119,0.0103104138996074,0.000471716886832082,0.0693461544831237,0.00922804961109036,0.237040102133047,4.01699891740039e-15
"C[C>T]G",0.0224764084291049,0.0147612940744696,0.0136547074040612,0.011404950109727,0.0912207699710533,0.00680913699542675,0.00446860302885029,0.00316831257433731,0.0215654206346065,0.00214978400925833,0.00295933428818078,0.00227287459020443,0.00650249577590958,3.09206777362617e-77,0.00643849476997758,0.00583729624516061
"C[C>T]T",0.0578400788070987,0.0187753184403213,0.0104380732937807,0.00635345521539639,0.0101979372785819,0.0875740058395808,0.0117364760417397,0.081559038610506,0.0135888117152398,0.00130727147319246,0.0151859872927526,0.00169168524969758,0.0584360654428172,0.00795088620957538,0.0601917355656004,0.0040116896532939
"G[C>T]A",0.0219106207303899,0.0024499674145922,0.0123033937152708,0.0116607471869947,0.00990669813466441,0.0214794450980147,0.00453521525401903,0.0280060194589252,0.0416458777705641,2.79891420723925e-21,0.00745322519369757,0.00172962141566947,0.000262698642840205,0.00593260880362481,0.00532403477290296,0.0153555648165513
"G[C>T]C",0.0265819977548717,2.24319002455236e-15,0.0266114910125667,0.00872524490555506,0.0114735614366838,0.0360527823651117,0.0084129173133755,0.102459059282798,0.064133232820456,0.00866166700986113,0.00539956317481704,0.00251620320032208,0.0113182171210385,0.00601508500011866,0.0120445407369252,0.0175052291125768
"G[C>T]G",0.0101462063628858,0.00999205446439325,0.0347085838286749,0.025258400944823,0.133775816009721,0.00920317778167666,0.0101054299456884,0.00775064816406655,0.0828329210404214,0.026478908542042,0.00103531848721952,0.00590879254058981,0.000428856813219513,1.44615493782949e-73,0.000396072112585247,0.0212705868127196
"G[C>T]T",0.0294363554412638,0.00538119466530404,0.0216881808785543,0.0093806966270941,0.0110498077629042,0.0386212622955392,0.00365265888426579,0.0726171886250959,0.0547675772185218,0.012064084117847,0.0062782408369422,0.000994853562808238,0.0120826267717934,0.00281807936932137,6.09096844176179e-67,0.00855605313069088
"T[C>T]A",0.038840529457647,0.0111254731371805,0.00521451442537042,0.0184676498891929,0.00866584699039956,0.0396532507166303,0.0121032513791508,0.0273043340507584,0.00914187153170084,0.00575846857537196,0.018745048632668,0.0602706680278941,0.177092670477771,0.0135743551554889,0.0433005494911593,0.174586317359485
"T[C>T]C",0.0419695536127087,0.00931701645962971,0.0102777097989502,0.011838966187467,0.00951318875854026,0.139137921707994,0.00833050861148398,0.157455093722588,0.0295457961201535,0.00126166816682272,0.0113798532850369,0.0161665078715579,0.308941783572994,0.0176433925005889,0.100977205838917,0.036547436402665
"T[C>T]G",0.0157565063889554,0.0167373140160783,0.00673792445398559,0.00957250856504845,0.0812942857292581,0.00683112975017703,0.00273844057179714,0.00306153677311101,0.0237959920193096,0.00612334031460397,0.00212667782692209,0.00956671989311598,0.0547671809276464,0.00309145048517536,0.00492111203641754,0.0198559150657643
"T[C>T]T",0.0392132620982439,0.0139579451445699,0.00893913257483354,0.0140954044120793,0.0145731477551645,0.151342709703019,0.0145841239168133,0.12227979970828,0.0317614644331289,0.00936010096462765,0.0168149177541974,0.0347906296506473,0.104234673348685,0.0120421747892641,0.0553496963457897,0.0970642738017755
"A[T>A]A",0.00944474177369591,0.0110445035637193,0.00686885589073229,0.0141805134781528,0.00558192389860761,0.000261245853153138,0.0379487620233895,0.00010268140486167,0.000693244815102519,0.00376502826261971,0.00978842512963822,0.00152614596335227,0.00340360118623406,0.00522212673810641,0.00150055495756489,0.00363449591878174
"A[T>A]C",0.00646398727339584,0.00877922332147419,0.00595909260117639,0.00731975602291319,0.00112967688423718,6.88317376704224e-22,0.00539644913422642,0.000203722300080124,0.00077806407415864,0.00185780153751754,0.00324861600576645,0.00272511938467445,0.000978593299825686,0.00394695194981701,0.00167169868482752,0.000882908408290657
"A[T>A]G",0.00638372001217763,0.013457858565382,0.00539915253460901,0.00897063149447844,0.00265641144500692,0.000301887344907244,0.0134682598024388,1.2040385849463e-58,4.3127040121825e-192,8.9548723407442e-53,0.0107910687697491,0.00132998752942049,0.001216235887803,0.00390565781561532,0.00264256106602864,0.00111730270348669
"A[T>A]T",0.00977980017946527,0.0184018543659364,0.00783415435464137,0.0134225411049107,0.00653435771606045,0.000483855827261148,0.018512830057207,0.000217970340715398,0.00599181320340499,0.00271687299696033,0.0072710116875867,0.00733660271386016,0.00946839826902243,0.00475073276231526,0.00361139700775516,0.0019325444176377
"C[T>A]A",0.00381902442288049,0.0118025021969608,0.00170462665294737,0.00713560182595085,0.00232883655606799,0.000114907187031233,0.058910671039521,3.60177149712306e-05,1.92314129271727e-178,0.00106816395436204,0.012756528080144,0.00070828218900406,0.000781582406931775,0.00109534171566615,0.00398319858927034,0.00251808729324806
"C[T>A]C",0.00246709955985547,0.0163722692623662,0.00147420227751723,0.00499592646832684,0.003932031884927,0.000515035305993146,0.0102808113350504,0.000126467488278548,0.00136867625818689,0.00197854133005597,0.00819602864428159,0.0137798310382317,0.000972390181351629,0.00259942064207629,0.00443150581620098,0.000542650464959921
"C[T>A]G",0.00460545042254462,0.0148967290813775,0.00132590480611907,0.0082972351615081,0.00246329843526465,0.000239257655938418,0.0635768638716802,2.79640691359841e-41,8.67555374929969e-80,0.00197252585719649,0.0223997027961353,0.00538006721063055,0.000462420801247424,0.00255814062759954,0.00256431253554659,0.00525390242984917
"C[T>A]T",0.00327544135079634,0.029816747819416,5.14925643294476e-11,0.0111277722410926,0.00553203757973177,0.000908674745426393,0.0353964226706013,0.000107084484250162,0.0016957130054676,0.00533253063403392,0.0123880558824054,0.0328184311796641,0.00204923592816836,0.00113186182628679,0.00784439231072007,0.000266305145637779
"G[T>A]A",0.00272768090647382,0.00654793946786291,0.00256119984875148,0.00437272604622771,0.00137687089548962,8.07311945206258e-19,0.0625864439612951,6.36784610646324e-05,1.9002741673996e-73,0.00226110461694213,0.00849962746644654,9.62598852921141e-05,0.000752563856179368,0.000284875903967918,0.000906636263532705,0.00304341764447741
"G[T>A]C",0.00269387891431917,0.0057914478252861,0.00227300604426196,0.00329280166214981,0.000489963802150294,9.88498230414093e-05,0.00519734377751637,0.000198562812828924,0.00136534431029519,0.000525016202228432,0.00303754552606799,0.00312939698011495,0.000414761493191568,0.00204263740418446,0.000879843789491039,0.000374027983076396
"G[T>A]G",0.00289682056258201,0.00776948190304263,0.00258089611451364,0.00355172522382413,0.00133764766538937,7.21672799831485e-05,0.0470419693615327,4.43019713857764e-05,2.76854471962761e-84,0.00227594508662862,0.0102936655809661,0.000684904163804718,0.000590768319678463,0.00140377011013426,0.00164614383333721,0.00313070483528521
"G[T>A]T",0.00165907651250561,0.0169522055294489,0.00195681461952384,0.0070497819810185,0.0036476305619221,0.000529997549223851,0.0249260092053181,0.000144353240888958,0.00128117000191261,0.00299062149417624,0.00554242816388602,0.00607799897594633,0.00143660510449353,0.00162503796548533,0.00382219902646105,0.000229921124615609
"T[T>A]A",0.00744617493189006,0.0127031342099005,0.00624672835686251,0.0157823309277293,0.00550370367664837,0.000551536809506934,0.0276116754805657,0.000158226289925332,1.27523426176828e-28,0.00695768365840561,0.0118645073559528,0.00286340583563826,0.00263704961930222,0.00314496958556078,0.0036157960245231,0.00806311795724699
"T[T>A]C",0.00365726954956737,0.0132608784096596,0.00258096410774212,0.00643331883431941,0.00139524709166122,0.000375853903026867,2.75062773345055e-07,9.88987226009197e-05,0.000924780903439552,3.46194972581341e-32,0.00431036226999343,0.00525976162769645,0.00159794912013141,0.0044051958230891,0.00413035400969925,0.000255784775367062
"T[T>A]G",0.00360534056423608,0.00880153629243552,0.00198624600826961,0.00521569230419112,0.00177629955888863,0.00021348603292982,0.0153114378326414,1.34733610320875e-112,2.84936417328081e-169,2.47009747940436e-44,0.0094437245728372,0.000781867654393393,0.000732719717212559,0.00249926316986027,0.00200588305137571,0.000854073489185504
"T[T>A]T",0.00412773268913075,0.0327746207243311,0.00503921377943938,0.0137165638294184,0.0122160899865468,0.00161326442592376,0.0196826845201958,0.000259258694871773,0.00242917214219776,0.00881801769882569,0.0078252065413164,0.0232116404376593,0.0089326482417412,0.00547071737718425,0.0066759240847249,0.000674593891155524
"A[T>C]A",0.0243142693003534,0.0113245898102927,0.0661223773762924,0.016911483988688,0.0100599168120355,0.000952698404433234,0.0109560025309672,0.000977641386661692,0.00969165689850539,0.0128587071481357,0.0170842780208118,0.00135605890432818,0.0020761788431918,0.107379435169783,0.0212996706421369,0.0138305253549589
"A[T>C]C",0.00479803333080731,0.0113198516905711,0.0308574967578414,0.00180164087214043,0.00322502265293763,0.00164383899198553,1.68299601974617e-19,0.000834484493304222,0.00573692826450106,0.0186269512377621,0.00282893614740678,0.00289488980378145,0.000704082517570381,0.0629255124990938,0.0125314260173514,0.00044637665619905
"A[T>C]G",0.0182808753908152,0.0105851369116639,0.0435755500437754,0.0133313155008412,0.00794736662865394,7.56039718237364e-25,0.000614471115232683,0.00032487184255357,0.00412048110903727,2.85469360352785e-16,0.0120348787039816,8.52355815683287e-27,0.00123522819845059,0.0366449299235399,0.00671152321214528,0.00415860804776191
"A[T>C]T",0.0219277607753436,0.0205304264637354,0.0547560432682518,0.0249555703916108,0.0140502839993186,0.000945675643440573,1.9994395162401e-06,0.000635578445827038,0.00330866083981873,0.0161872542160858,0.0055234173921621,0.00311430295811669,0.00279912690620375,0.0573081965700944,0.0181126277575185,5.04436930208091e-16
"C[T>C]A",0.00546879501387951,0.00538720095045676,0.0193769628704957,0.0102848262435697,0.00235560962326222,0.000576273859423504,0.0174971821174051,0.000262087077318009,0.00136746976152004,0.00629125998921284,0.00842575889651723,0.00539562730712427,0.00180667473900065,0.0233035461888324,0.00720905559768918,0.00552083066731641
"C[T>C]C",0.00474140981201937,0.0118533789649657,0.0255592292680153,0.00797696239428827,0.00387337847868842,0.00118458027986664,2.36914780250414e-09,0.000493508036181184,0.0027970990478359,0.0255280436996708,0.0027854021517626,0.0329537986109137,0.000788116369171782,0.040093415479745,0.0176100425321451,0.00017686400488722
"C[T>C]G",0.00467532399362729,0.00421599543198973,0.0200614824340639,0.0111124511164787,0.00438957920135151,0.000413428026717486,0.00873598565082609,0.000234725398858103,0.0025223188200268,0.00700636922890851,0.0076004514522615,0.0179373926480935,0.000782288669197188,0.00981968150713037,0.00448302780370705,0.00666865794414355
"C[T>C]T",0.00633266178879311,0.00963254578755544,0.0201002752074647,0.0157688520871999,0.00644658920201961,0.000506657755720987,0.00922697212431184,0.000275870651753775,0.00186425773674623,0.0121193142538258,0.00646204387460529,0.0995253171437434,0.00627560567020882,0.0184364060673161,0.00692499020327159,0.000645752307649775
"G[T>C]A",0.00907198750828381,0.007000318274087,0.0356840697778683,0.000221324010158987,0.00199224916628784,0.00202492834402131,0.0658947182970301,0.00144797658714541,0.0241668667481594,0.00859229964917119,0.00830438545503137,0.00119523309055055,0.000704360793797945,0.0683982148066905,0.013672859084136,0.00619488357546585
"G[T>C]C",0.00434635529141568,0.00364679343479939,0.0376796370694972,0.00611193247313542,2.18342173647117e-17,0.00213594067870809,0.00453371496784306,0.00120507318246606,0.0212981849135576,0.050077174644508,0.00181836452001776,0.00381899293305635,0.000432109733638865,0.0476984180757542,0.0140124965999599,0.000645312158067362
"G[T>C]G",0.00628251407302685,0.00589864820760706,0.0282293334307132,0.00189357174956819,0.00226785126864539,0.00123945498275268,0.0281879802561077,0.000795622442860184,0.0137149199566592,0.00596748394690236,0.00770041098239427,0.00315594357533874,0.000590096280415112,0.0573585447720541,0.00394291496157059,0.00336270060043408
"G[T>C]T",0.010784719540584,0.0107069095944165,0.0337876059577565,0.00943886387603507,0.00436027774188292,0.00146179429050175,0.0443310394409782,0.000940216688429513,0.0186768293058178,0.0100024870164024,0.00394458872353625,0.00798315712120979,0.010970606741525,0.0464489052875828,0.0125421975650848,0.000837829157131474
"T[T>C]A",0.0106278328782995,0.00493273205314073,0.0311251269190019,0.0113733587575439,0.00378541142433853,0.000470363227003866,0.0139602886630794,0.000357194389997539,0.00501033508288824,0.0161413519104613,0.00830427859713495,0.00182193269648314,0.00666825323418955,0.0304520910791551,0.00532117309098851,0.00649152705011173
"T[T>C]C",0.00436806768495194,0.00786800789103143,0.0390995654799827,0.0133009184118673,0.00223738687635795,0.00157759140112657,0.00483417822475146,0.000805029054286686,0.00446093364375196,0.0583419146818909,0.00159368715863652,0.0140821966225078,0.00196949967793158,0.03103204150508,0.0111544488212207,0.000527332333070192
"T[T>C]G",0.00660743331885199,0.00101891263549091,0.0235895088837948,0.01007735367611,0.00402790897011598,0.000216238260603078,5.58778344312428e-08,0.000117272950893759,0.00372325206417145,0.00920770274541647,0.00666741042354533,0.00420764834216976,0.00221298192986066,0.0075001685788895,0.000749590146924487,0.00527464013881283
"T[T>C]T",0.0112644008556778,0.0113714789404464,0.0312967209718428,0.0233395719380126,0.0110871647261377,0.00067772742412098,0.00862696646842272,0.000296643132790868,0.00468128424382994,0.0193480546481854,0.00273388240826118,0.0260446302879993,0.00355074336118574,0.0120148895375982,0.00590060870419338,0.00157049925075786
"A[T>G]A",0.00453227633639786,0.00222425730806575,0.00434350438646003,0.0153854082897108,0.00196967610360789,4.37995647945654e-152,0.0103606720745898,7.66705592870596e-232,4.79408807213219e-164,0.00469404270992814,0.000975054731824311,0.000316390544321964,0.00113136905841027,0.00250764138624708,0.00121260398459339,4.99627589025506e-91
"A[T>G]C",0.00332775217522479,0.000923089629327773,0.00354231163411463,0.00488788563898484,0.00108098537187915,4.69440365798574e-165,0.00435623221356286,4.33860372771406e-150,0.00205035621998904,0.000402928083748883,0.000464375725547641,0.00287361749301456,0.000602121899819415,0.0031963529195071,4.19644141446103e-104,3.36584777000009e-73
"A[T>G]G",0.00460921752155713,0.00679590213360402,0.00243113196881191,0.00443304894984336,0.00206033928996538,8.81683660843315e-51,0.00869249511742302,1.22077004185015e-130,0.000612089424589199,0.000601868439167298,0.00204730720617397,0.000424417434892228,0.00132458867940538,0.00211206194790843,2.07714925990664e-07,2.52053431331721e-106
"A[T>G]T",0.00399700226808562,0.00287194887012554,0.00715467725569026,0.00978268890150597,0.00258418424203509,9.08911948526071e-05,0.0120672925603568,2.71676338114958e-05,0.0118043358528354,0.00243648110359564,0.000932517581168243,0.0405698549655462,0.0010471840846723,0.00726764023397293,0.00275097064097464,4.44136819734216e-20
"C[T>G]A",0.0017273145802646,0.00147843302106851,0.00156725275139397,0.00404079136673414,0.000919769637133424,4.6112206387015e-05,0.00739105691712766,2.86488734827791e-33,0.000157778760589285,0.00147766436266516,0.00183585793093038,0.000857334757011818,0.000473587773129335,0.00094233770120993,0.000693452882550998,0.000520395770136667
"C[T>G]C",0.00345714123459704,0.0025140609167146,0.00372791363512372,0.00166461088927193,0.00090947188700598,4.11168884460721e-188,0.0024905074376255,1.27706233663171e-201,0.0010568641052551,0.000848770485888945,0.00175992738115591,0.0124557022613397,0.000474450063873961,0.00282708660502127,0.000668724227528964,0.000201159670659032
"C[T>G]G",0.00408588301550508,0.00551836716583404,0.00252602366103506,0.00495038015617853,0.00117809896379357,2.26949605778188e-69,0.012499083185282,2.23918460504291e-80,0.000721297163541081,0.000877854149048571,0.00350852503512217,0.00514869564135108,0.000860621212638337,0.000216549852626144,0.000991330120965092,0.000590052600192968
"C[T>G]T",0.00516762022674941,0.00445321746736292,0.00429862233945463,0.00618310780031781,0.000940904703367948,5.71012240646706e-140,0.00754140666216027,2.58464772466666e-143,0.00750145657622047,0.0025307819634836,0.00826655969784868,0.194313790678215,0.00114543764690636,0.00199945380167393,0.00166071868127917,0.000129127735370567
"G[T>G]A",0.00137883320432553,0.0013618499987531,0.00238087049592912,0.00335800136131679,0.000321153100034381,3.2787163197255e-05,0.00730116957124524,3.42138722472239e-62,0.000353485875398273,0.00281886645321558,0.000825974066041236,0.000208153849162779,0.000287786149251256,0.000954002610938649,5.79934530454528e-82,3.42504768874398e-05
"G[T>G]C",0.00141857481241925,0.00124930822180973,0.0025264384109457,0.00280155028310217,0.00046595013926868,1.50026758958857e-148,0.00509510096869887,1.15493632691325e-05,0.00300190086699885,6.13910269287844e-08,0.000393675738954836,0.0016643742275101,0.000248047964069873,0.00204624000299574,0.000392096262069029,5.7181880592645e-52
"G[T>G]G",0.00344049292345155,0.00431625757072357,0.00430694033481924,0.0033206652756354,0.00158388328164127,5.75261091143961e-63,0.0131743958953927,8.00644052045583e-28,0.00140529264038224,0.00108361884156165,0.00202490802492777,0.000722885152420031,0.00180692385876594,0.00205773263206555,0.000657498820173615,0.000114078635730108
"G[T>G]T",0.00237639858968199,0.00342074659044305,0.00455386468187962,0.00330201191682052,0.000588957336620155,0.000137657403290595,0.00972005065793836,9.26656972698994e-05,0.00929876124509668,0.0147812569204264,0.00251775182164155,0.0406000520532368,0.00250246074627697,0.00233985976403641,0.000755320602262114,0.000135905981248585
"T[T>G]A",0.00328425794314068,0.00207181789287475,0.00490319324287203,0.0154297383442278,0.00175609241270504,9.37750964447866e-66,0.00695880430155003,1.30911124870166e-145,4.57567078544489e-127,0.00877084400658372,0.00154720057953974,0.00177487119291938,0.00125005240323181,0.00247373032974768,0.000523883011545601,5.06032419372885e-13
"T[T>G]C",0.00370400934960707,0.00188836560178346,0.0044111553005259,0.00448293616849478,0.000980444975282717,4.40926943179105e-67,0.0086464927275524,4.51222998395051e-129,0.00195239566336078,0.00168535580755676,0.00139700393322562,0.00731001021601713,0.000995363234673778,0.00332061578662937,0.00140208618997761,5.7519278602235e-14
"T[T>G]G",0.00366987811276315,0.00605277839034968,0.00472117575895316,0.00505955277942994,0.00118709202432412,0.000178892593598871,0.00762830347822113,2.74454549767646e-56,0.000123553915989851,0.00165579816840163,0.00397143324852118,0.0024564006561275,0.000903102759905599,0.00164182022617414,0.00204899228443972,0.000204977043850266
"T[T>G]T",0.00691873280311519,0.00819156616252911,0.0113592617337223,0.0181307820799091,0.00471627101158392,0.000339004484293951,0.0139376695894942,8.8559892037367e-05,0.0148870755027976,0.0185384296698015,0.00343769957785289,0.132425499718575,0.0025632759300048,0.00352921438724218,0.00212484541613896,0.000551332952691302
