"","GEL-Biliary_common_SBS18","GEL-Biliary_common_SBS1","GEL-Biliary_common_SBS110","GEL-Biliary_common_SBS13","GEL-Biliary_common_SBS5","GEL-Biliary_common_SBS2","GEL-Biliary_common_SBS17","GEL-Biliary_rare_SBS88"
"A[C>A]A",0.0256490005696343,0.0166266773197047,0.0188622531518779,0.00928355147986691,0.0237653601897003,0.00764706255618579,0.0163565751541838,0.0188096625305917
"A[C>A]C",0.0123239113107364,0.0113091892162347,0.0154042552752095,0.0100486321582846,0.0183267874764704,0.00773060347550073,0.0073295922733621,0.000667125570531235
"A[C>A]G",0.00104505978803445,0.000892155588836151,0.000807022908792399,6.98839365372121e-05,0.00515129932348074,0.00414027415912254,7.73742783565376e-09,0.000825582305119965
"A[C>A]T",0.0122942422710539,0.0090615763698145,0.0100368596206195,0.0117451636513423,0.0193687234530707,0.00334396610114523,0.0107082502303508,0.00522552735200159
"C[C>A]A",0.0218976983665669,0.00466286818012081,0.0161448476337223,0.00698482032215463,0.0120957328498372,0.0100456304688692,0.00552827994127293,0.0609668013028259
"C[C>A]C",0.0112369179895029,0.00814316559410664,0.0199906436748367,0.00712871913811007,0.00660267144650447,0.00656980887932944,0.00641826826917488,0.003632481143344
"C[C>A]G",0.00431558635804186,0.000498329018585087,0.00219104427762974,0.00253477671039702,0.00329104230844068,0.000852816518801766,0.000539947352400951,0.00131763125646212
"C[C>A]T",0.0191831639595973,0.0118005727806198,0.0142148588580306,0.00887699240187698,0.0046036379510226,0.00688951599794173,0.00500530714618568,0.0117143999598069
"G[C>A]A",0.0327835537305547,0.00589255405167269,0.0116947552805698,2.18795967116138e-14,0.0154192974061931,0.0168099413146323,0.00430911568924081,0.0359685883093054
"G[C>A]C",0.0106847735791292,0.00444290150705067,0.0103211976400912,0.00161148612279165,0.00803198971085245,0.00514874722952928,0.00532554336438354,0.00481167197087428
"G[C>A]G",0.00344593817641026,0.00122475308671894,0.00359962525888161,8.94970620056205e-07,0.00261347452436609,0.00172966117088477,2.21349150781148e-21,0.000814362277196212
"G[C>A]T",0.0177704095247537,0.00561935497002223,0.00917962196219542,0.0071417744871589,0.00485007621555417,0.00590662919081331,0.00894459698983656,0.0169258008682913
"T[C>A]A",0.0381794572713114,0.00812624918447066,0.0264292078682362,0.0142724498129037,0.00649312075050741,0.0316905844992994,0.0137024356366557,0.0127060290518408
"T[C>A]C",0.0216976129118059,0.00801362318146111,0.0170324542260428,0.00900635281539532,0.0173710473245068,0.0191464917887397,0.00542703078314191,4.00871454057355e-05
"T[C>A]G",0.00456483361927095,0.00201900644686244,0.00246081179979966,0.00156446095658889,0.00137697760015172,0.00299442836143327,0.00061030646252609,0.000983839991586834
"T[C>A]T",0.0708623200927824,0.0137286515951621,0.0244690683501667,0.0133266954984412,0.0127867214352253,0.0260382557328039,0.0196058495304546,0.0120581759880788
"A[C>G]A",0.00585966335563211,0.002669077179981,0.00427705064852728,0.00881928748878976,0.0104817093266572,0.000797633041675629,0.00645864777471972,5.17846158343762e-10
"A[C>G]C",0.00104564101112095,0.00139752037425867,0.00366273378538623,0.00606418727695914,0.00496197832489083,1.94444264416528e-13,0.00351359832120087,0.00166038422176443
"A[C>G]G",1.87117627584172e-21,0.000256848596401499,0.000646533499551347,0.00156070578052323,0.00304678634433358,0.000563938887777465,0.00178891815397256,1.06919339835332e-13
"A[C>G]T",0.00905616427339733,0.00202562738290641,0.00634776747304762,0.0141371830774175,0.00923581230471559,4.00691982072601e-06,0.00933871325081242,3.00332665959029e-21
"C[C>G]A",0.00340787657054377,0.000750250947145328,0.00215989615810128,0.00483251188245433,0.00900967126795526,0.000113787275170967,0.00589081941777504,2.83259943218594e-11
"C[C>G]C",0.00461844199437754,1.85714774276173e-10,0.00521318097473411,0.000396120237023266,0.00657115867388997,0.00346749711286586,0.00252654422753763,1.32351049388638e-18
"C[C>G]G",1.87117627584172e-21,0.00133212184049505,0.00175586421418372,2.05389651309511e-21,0.00319511135227084,0.00100272052689208,0.00197104501705982,1.30111543484774e-14
"C[C>G]T",0.00501446247104459,0.00240012244309559,0.00783642471496146,0.0098440635713328,0.0103732674759835,0.00123946175485584,0.00538820510800172,6.67897540291413e-10
"G[C>G]A",0.00251621157458842,0.00371213467852951,0.0026755678032425,0.000938063390712234,0.00359647106424871,1.52446269459226e-05,0.00333729358748811,5.57592781756277e-18
"G[C>G]C",0.00667789398755908,0.000598683992383145,0.00428320275026514,0.00283680037174364,0.00430114792372354,0.00233067651829862,0.00356021728563453,3.20838632116811e-32
"G[C>G]G",0.000905654844571278,1.65119066695648e-21,0.000542739692518738,0.00102018571075655,0.000192426450489506,3.6082471583169e-05,0.00024909120252121,2.13392929760752e-23
"G[C>G]T",0.00263737652897832,0.00176696773269487,0.00153636241810944,0.00057629000382844,0.00751612796398851,0.000527072338291196,0.00525162913312796,1.47819753471973e-07
"T[C>G]A",1.80811305735184e-09,2.18548833329507e-12,0.000874351067034017,0.118036682977192,3.17806050135969e-07,0.0364613186962703,0.00110222500928987,0.00281241516556058
"T[C>G]C",0.00403706736795703,0.00337362859242201,0.00750350135217303,0.032687164915561,0.00908594221757369,0.0101651472325457,0.00332707358597282,0.00110326439165203
"T[C>G]G",0.00158316033355118,0.00025070000884521,0.00262588914395019,0.00473787628633448,0.00118961918159574,0.00135462734060622,0.00145402961192748,9.14782922395037e-15
"T[C>G]T",0.0123156149365384,0.00244285393168198,0.00161370601713907,0.156189898908428,0.00656094244657742,0.0524980357485079,0.0057365099525739,0.000376916426385615
"A[C>T]A",0.0148046796373233,0.0210721267651134,0.018605424773962,0.0106505227691643,0.0247298270124533,0.0161766331187015,0.0170140872634632,0.0105822008835276
"A[C>T]C",0.00760295544246507,0.00916359099398828,0.0147643425994589,2.28238631722897e-05,0.0110935122547104,0.00679546399584999,0.0072020557679933,0.00788852334727208
"A[C>T]G",0.0261624361962083,0.158400813663296,0.00158046148563254,0.0401057335805929,0.0316548895921387,0.0221773639248017,0.0345640206813332,0.0120854557999726
"A[C>T]T",0.0123918108221642,0.0139870103720076,0.00871501624213495,0.00370288220868768,0.0198496580774682,0.00923431687093439,0.0158739831308981,0.00805134853341444
"C[C>T]A",0.0124791873871084,0.0116566035485537,0.0206723821259415,0.0106914845472276,0.0223899972010517,0.0167004009906411,0.0106152250700244,0.00848879022029682
"C[C>T]C",0.0121066029732498,0.00989196353257638,0.0123707864846316,0.00116703371806113,0.0233777057588382,0.0115475325082487,0.00770475800188974,3.19282806103824e-12
"C[C>T]G",0.0230113388432096,0.0860087491156953,0.00232963070690454,0.0261222083139471,0.00820581258078441,0.0139015725200685,0.0128140057294667,0.0201891326711925
"C[C>T]T",0.0141748428271344,0.0147867812693872,0.0159759447091278,0.0108831413234541,0.0326399167478627,0.0151926270279122,0.012779497341059,0.00520280199633168
"G[C>T]A",0.0102552013171378,0.0120253937553342,0.0206483440642014,0.00185981964431662,0.0235849694667661,0.0108660357454099,0.00672865842959812,0.00108243743618391
"G[C>T]C",0.00406836161537909,0.0152970596620454,0.0134176255792229,0.00635449315446234,0.0204588254572224,0.00619049153254515,0.00904165061878787,0.00610374718118364
"G[C>T]G",0.0325499847238105,0.102207417515739,0.00986642082943547,0.0431896114754276,0.000824998278232588,0.00562569740640556,0.0100591669943985,0.015265024639505
"G[C>T]T",0.0107898595585048,0.0171344971405288,0.0147012542467455,0.00201599827977366,0.0193603864354687,0.00803704154489944,0.00904061418819528,0.0063296155016865
"T[C>T]A",0.0134949213820995,0.0172947986620446,0.0132739155439465,0.0850278038880813,0.00260536636543546,0.262434453542465,0.0192813910584845,0.00220487576198893
"T[C>T]C",0.0126801706362454,0.0227429099685416,0.0181350969669567,0.02342765199619,0.0276747355536903,0.0655967727279228,0.0125029267039148,0.00520161116021817
"T[C>T]G",0.0242514869586557,0.0557131181900842,2.72319985900057e-11,0.0289361116421668,0.00210953651996069,0.0330557047631505,0.0119794037773344,1.69222150005843e-06
"T[C>T]T",0.0176478941901355,0.024306990860557,0.0162863411099669,0.0525876660718691,0.0205763152830366,0.159463134773097,0.0244400394552984,0.00234450220147234
"A[T>A]A",0.0114201843253869,0.00679206721273793,0.0155736108199582,0.00247589695960177,0.0162998343472109,0.0027950502737315,0.00845558853243493,0.0333485773730283
"A[T>A]C",0.00547442247759779,0.00680453201645547,0.00783750986647332,0.00434476196648729,0.0160973956573835,0.00191435553939419,0.000647943408638978,0.0218466494457762
"A[T>A]G",0.0059777749316923,0.0040462125383183,0.00990705897513539,0.00699561872010803,0.0154209989227893,3.66664520192085e-07,0.00377033025188177,0.0032685253203968
"A[T>A]T",0.0243741081182881,0.0123626355621104,0.0121255337042538,0.0112959312589824,0.0190912141682526,0.00353635300875608,0.014393213381896,0.0383522485998294
"C[T>A]A",0.0047963883240551,0.00253831065876621,0.0210119415730173,0.00388478483428673,2.49673253960482e-21,0.000208367006234287,0.00341311730253352,0.00238590615844587
"C[T>A]C",0.00255059752699024,0.00238639452452413,0.0167827310487434,0.00256336660587772,0.00143042469501328,0.00032197092536374,0.00622284414243063,0.00391219680427259
"C[T>A]G",1.87117627584172e-21,1.65119066695648e-21,0.0285997437805321,0.00197389760024778,0.00507361441350277,0.00109883088491729,0.0063291688530571,0.00396356712140853
"C[T>A]T",0.00620776892843406,0.00815694995973684,0.0153123046328215,0.0044336998351423,0.00449509867647163,0.00384996139613463,0.0247192206632194,0.00345956144145343
"G[T>A]A",0.00255419083753273,0.00130451624704669,0.00683190506180044,0.00301410683276829,0.00302846021461535,0.000292569799359349,0.0021715862926369,0.00440032269315162
"G[T>A]C",0.000852133391142045,0.00385155019404391,0.00519861465159966,0.000485422029331802,0.00388788453224738,0.00167355118332226,0.00372728286509672,0.00489036923814442
"G[T>A]G",0.00247229637721991,0.00287498241643746,0.00819428694249319,0.0036920613641297,0.00446885322998899,0.00169508385757186,0.00109215562598263,0.00216925294898778
"G[T>A]T",0.00329443772087651,0.00194262373736958,0.00365469301087207,0.00471728064048108,0.0074732672493774,5.43805044080974e-08,0.00816197182109165,0.0136136113594308
"T[T>A]A",0.0277118839608837,0.0161328450881652,0.023093781989326,0.0122860506441213,0.00689752772491034,0.00020519358544743,0.00782002149656118,0.0134218736469537
"T[T>A]C",0.00380857642977679,0.00299193515481633,0.0108779466664649,0.00629100804493807,0.00637736397198216,0.000348766249609764,0.00863788598970658,0.00875272519415772
"T[T>A]G",0.00250389299133372,0.00274984368364517,0.0103712415410426,0.00346286097239415,0.00225964270255147,2.16822926872191e-21,0.00374073514089908,0.0022432219019276
"T[T>A]T",0.027445224808434,0.00958589871472063,0.015797269270643,0.00999253657864826,0.0109448153177942,7.04475976062194e-08,0.012962323924662,0.059645671946239
"A[T>C]A",0.0189266394333806,0.0178495837611457,0.0340171573587056,0.00963169148365358,0.0359118076784354,0.00428079389339508,0.00970131987016957,0.0709941837047988
"A[T>C]C",0.00588236691015835,0.00658177397015581,0.0103777594834971,0.00341045205865805,0.0136375733516672,0.00357607476887413,0.00562723312930558,0.0329229869522862
"A[T>C]G",0.00921381380503939,0.00904343907303507,0.0314399561230755,0.0108451886009158,0.0216473463283312,0.00143773022069286,0.00449737608583849,0.00718250978317497
"A[T>C]T",0.0179481441462152,0.0155483682372599,0.0178055539784854,0.0045720480536787,0.0360261969861832,0.0046971353732743,0.0183107003110228,0.131050272744028
"C[T>C]A",0.014936454797784,0.00793500839795313,0.0129936709177652,0.00634008244201986,0.0101326284169164,0.000817936436349935,0.0035301486992923,3.98303955860514e-26
"C[T>C]C",0.00279695281477893,0.00196374890107489,0.00815575048845775,8.38457706637401e-05,0.0140591309141702,0.00174572597417251,0.0130450651986102,3.72363349624418e-08
"C[T>C]G",0.00585402690536844,0.0077287118631647,0.0155824811855282,0.00513365313750267,0.0120023515113583,0.00114055186147434,0.0124621135090158,1.30178354798597e-16
"C[T>C]T",0.0170070563489096,0.00832715682179281,0.00541881105199461,0.00280975439772428,0.0158175260375849,0.000556337737764084,0.0383477255799624,9.43249350766389e-15
"G[T>C]A",0.0130791535957171,0.00703046922625724,0.0189372794928405,0.00742311952574244,0.018645448657991,0.00279158266362867,0.00282005655586746,1.44612186404789e-11
"G[T>C]C",0.0057713519181986,0.00703804744937217,0.00810262185399498,0.00311453579856058,0.00927236049133556,0.0018382455587809,0.00486776933349005,8.9726572892268e-09
"G[T>C]G",0.00403408028493564,0.0087473729650323,0.0172218473720462,0.0034478100357192,0.00892911682883397,0.00273866033939122,0.00445933433748956,0.00227857285093164
"G[T>C]T",0.0106202201259369,0.0135865918329854,0.021847730123435,0.00342717982982462,0.0187200260779302,0.00213185828143415,0.00627534892453504,0.0149513208261939
"T[T>C]A",0.0171207522721529,0.0100224752610439,0.01914994353413,0.00829210536150457,0.0143973827643534,0.00151989334833544,0.00340907130841827,0.01022630354204
"T[T>C]C",0.00721874386485333,0.0107140660192534,0.0114822940244497,0.00244163449512351,0.00895260568518398,0.00116850262432,0.00924112229621683,0.00652503728520829
"T[T>C]G",0.00862481342981943,0.00373246636937025,0.0195145288387355,0.00324483139728316,0.00589675282113414,0.00107817587835273,0.00407526067869768,1.45710704999912e-13
"T[T>C]T",0.0145420520487757,0.0097425785171477,0.0189604790857224,0.0057058911919864,0.0175724061752832,0.00611318200132495,0.0177810170554003,0.0877763889558641
"A[T>G]A",0.0101881994496648,0.00173798136345564,0.00671681878473391,0.00453965294704466,0.00951979919700318,0.00062624552713422,0.00318685482559201,1.30174298527324e-15
"A[T>G]C",0.0029121340733194,0.00154169091539889,0.00133228203212876,0.00125944272134413,0.0043312325496137,0.000378616081537397,0.00211766652158539,2.73995349150379e-14
"A[T>G]G",0.0017837195859891,0.00291858528523719,0.00318808283353246,1.1084448823884e-10,0.00742875193968894,0.00126121289867172,0.00590997486283247,0.0015216312261612
"A[T>G]T",0.00277228028751054,0.00361893165862346,0.00240426524910715,1.05234728562121e-08,0.00542631431859398,0.00036073512029167,0.0310474676249608,0.00484468227190924
"C[T>G]A",0.00669751903955183,0.00220316280625573,0.00498557136309339,0.00225136853540839,0.0029929803976659,2.16822926872191e-21,0.00420364164204142,5.55787615846114e-23
"C[T>G]C",0.000596143032930201,0.00269465901199632,0.00386852278272072,1.57565746575255e-06,0.00263715371522926,0.000402956533629969,0.00720314532353111,0.00112374950963411
"C[T>G]G",0.00382956061529972,0.00247328229794263,0.00790826038133837,0.00127801928813266,0.00666709139006169,0.0013960414203587,0.0046618576981929,4.26165243011026e-06
"C[T>G]T",3.71804831522565e-05,0.00608377809807068,8.31153997216659e-07,0.00103724533376379,2.26718036132909e-05,0.00352151994046281,0.151571989607567,7.08833516938339e-06
"G[T>G]A",0.00441467407937892,0.000458872465811979,0.00265648651758289,0.00138260208594092,0.0025921493716468,2.16822926872191e-21,0.000631299293912878,0.00257916763576876
"G[T>G]C",0.00106751003652771,0.00176036009070975,0.00194474472947753,0.00175422116170315,0.001873730992861,2.16822926872191e-21,0.00281523283698341,0.00215681602358241
"G[T>G]G",0.0018372199953378,1.65119066695648e-21,0.00343991768787299,0.00374134835311448,0.00526711731140563,0.000746388467557445,0.00273073042939532,0.00101016030804992
"G[T>G]T",0.00179265951408627,0.00230195808945565,0.000500876051071568,0.00100201355628881,1.80389590155074e-05,2.16822926872191e-21,0.0311792147321833,0.0111645411270289
"T[T>G]A",0.0162892493414521,0.000274934862594077,0.00679107855194285,0.00162483424973029,0.00733578433364156,2.16822926872191e-21,0.00530712437794571,0.00525121949366371
"T[T>G]C",0.00474379575934537,0.00304379320405717,0.00275102583574956,0.000371449607736578,0.00388010504813159,0.00251489809017328,0.00744209736234496,0.00653157432280244
"T[T>G]G",0.0058801428155516,0.0027013162362288,0.00514205401038453,0.00319750019324776,0.00407430667024789,2.16822926872191e-21,0.00634021882251129,0.00159667657631325
"T[T>G]T",0.0140560629512433,0.00934554624354729,0.00645485659209771,0.00170694438851145,0.00846281277484778,0.00296154282576544,0.0665882800600055,0.0741838716342026
