"","GEL-Bone_SoftTissue_common_SBS127","GEL-Bone_SoftTissue_common_SBS8","GEL-Bone_SoftTissue_common_SBS122","GEL-Bone_SoftTissue_common_SBS1","GEL-Bone_SoftTissue_common_SBS100","GEL-Bone_SoftTissue_common_SBS5","GEL-Bone_SoftTissue_common_SBS18","GEL-Bone_SoftTissue_common_SBS13","GEL-Bone_SoftTissue_common_SBS3","GEL-Bone_SoftTissue_common_SBS17","GEL-Bone_SoftTissue_rare_SBS7a","GEL-Bone_SoftTissue_rare_SBS124_a","GEL-Bone_SoftTissue_rare_SBS31","GEL-Bone_SoftTissue_rare_SBS30","GEL-Bone_SoftTissue_rare_SBS57","GEL-Bone_SoftTissue_rare_SBS44","GEL-Bone_SoftTissue_rare_SBS26","GEL-Bone_SoftTissue_rare_SBS108","GEL-Bone_SoftTissue_rare_SBS124_b","GEL-Bone_SoftTissue_rare_SBS135","GEL-Bone_SoftTissue_rare_SBS5+8","GEL-Bone_SoftTissue_rare_SBS96","GEL-Bone_SoftTissue_rare_SBS129","GEL-Bone_SoftTissue_rare_SBS117"
"A[C>A]A",0.0158249502502204,0.0397500714453304,0.00699755765210988,0.0061985245787336,0.0153089658902001,0.0294423858017536,0.0430067022729576,0.00400657707388097,0.00855251046543675,0.0062517852542758,0.00157575790569231,0.00562754834954032,0.000745139256431138,1.96075185941308e-38,0.0329223878732138,0.00111730794036999,0.00343770242070509,0.0426458857943375,0.0191319633735878,3.32939256260053e-10,0.0216832742766356,0.00336452191705271,0.00691673744565807,0.0103510363139899
"A[C>A]C",0.0162802285860406,0.0382672206119934,0.00422248905941072,0.00935692103682888,0.00965479479118996,0.0115719134316349,0.013917734063891,0.00378801400992198,0.00987849182523971,0.00388644318952417,4.87960710935387e-31,0.000176297243400365,0.0387495881882237,0.00132147722343776,0.0128793783567554,0.000696756097267949,0.0044501382772343,0.0181515055138467,0.020568993530425,0.0115414726765509,0.0253220112380864,0.000358540720880103,0.00716516291613796,0.0133217148925126
"A[C>A]G",0.00116627758700758,0.00456947242064529,1.25383065048823e-07,0.00227519945533617,0.00119350192979612,0.00558150235332987,0.00339736413445187,0.000461055888351086,0.00246954484929494,0.00100357349151163,0.000125031564462831,0.0012120205233912,2.24437949500489e-17,0.000712302880157165,0.00207295473360862,3.65778660028734e-158,0.000160257979269785,0.00393676352839363,0.00215737351768487,0.00162092893242517,0.00794083574186722,1.38440265410333e-14,0.00120889168622833,0.00393248461865695
"A[C>A]T",0.00870191798840128,0.0479173953891565,0.00728714649622908,0.00427073800793539,0.00835329432727831,0.016192254421331,0.0211370483007661,0.00426836253015336,0.0134714545290105,0.00386621819701629,0.000685710959742391,1.321537578563e-14,0.00854417552661697,0.000923721517808773,0.00245963666459005,0.00930795640800798,0.0072359908205351,0.0201400511567168,0.0117309351706503,0.00361036113682668,0.026490145045226,0.00262256589725662,0.00597402564610486,0.00325444161204951
"C[C>A]A",0.00413257449795089,0.0317692270982724,0.00518448702653455,0.00879024484262874,0.0111317520129839,0.0112777465970683,0.0473217544577061,0.00427889271462613,0.020436816574802,0.00367483923567715,0.00168149058960735,0.0261800952564452,0.0153283943011096,2.59601352693037e-38,0.00538204400018468,0.0141394981008071,0.0117418867130044,0.0275305498731716,0.0195601243326081,0.0206028563514134,0.0112423167269685,0.00359414823509693,0.00660132245559152,0.00585897968432673
"C[C>A]C",0.00790964131056851,0.0339763913387024,0.00599779843139293,0.00143859963946684,0.00868483385272464,0.00561008164401451,0.0187525024658115,0.00568963040280262,0.0183160529151746,0.00184547513912555,0.000949750550806186,7.34447235441391e-07,0.0142679730597967,0.000581997401176396,0.00227590229262903,0.0231139250726856,0.0151526921884885,0.0113150445143795,0.00652701043211743,0.00628934738604618,0.0152513550098562,0.00441049298940848,0.00471110866350445,0.0144792536627974
"C[C>A]G",0.000339251620759942,0.00187554378827228,0.000522028282375565,0.000919441653752396,0.00128681399860316,0.00308762034556284,0.00668595620541418,0.00100200576997524,0.00325817552039684,0.000495366144143399,0.000300141147510494,0.00335799377507001,0.000554684900724993,0.000263808455231146,0.00207587292875107,0.00262544196898343,0.00355868673290109,0.00327086534581736,2.22307202124003e-135,0.0045309890961149,0.000517552861570189,0.000981146899159063,0.00122819644755083,0.0122207193281016
"C[C>A]T",0.0165984757413137,0.0324201047999312,0.00802668105261678,0.0037171572794882,0.00757140445844128,0.00495812280076385,0.0471437448254121,0.00395926993078543,0.0173074274148367,0.00464921197234219,0.00241603963475839,0.0121640934116305,0.0645907654848792,0.00234149134040506,1.63900682931262e-33,0.0854971018207495,0.0424954928591375,0.0254429699496884,0.0041925620530584,0.000426127167256277,0.0104978469008046,0.012429838009955,0.00702911700899104,0.00349853035980798
"G[C>A]A",1.38701891700589e-12,0.0091109233500869,0.00583666365543293,0.00730670736212219,0.00462017171260933,0.0076498017953119,0.087985117549821,0.00375122966559393,0.00642832544546541,0.00542570106025659,0.000694702822524468,0.0103832090469822,0.00624036221921557,0.00149440957073154,0.00382704035953561,2.85347088138712e-83,1.05149573981628e-12,0.123412573951216,0.0126855340241593,0.0100018466303451,0.00709415149367093,0.000913306722848823,0.00320344527843939,0.00196063438868307
"G[C>A]C",0.00767153474724995,0.0143104916531419,0.00310411012500897,0.00363705142716805,0.00486066061253299,0.00557593220964627,0.0179799724959787,0.00193445198304892,0.0104260269059419,0.00125308930541967,1.20280762566539e-49,0.00637080951763648,0.0388510653355184,4.71981100655502e-110,0.00339128668225693,0.00365153413577045,0.00311094532943659,0.0260295864996958,0.0118822683742241,0.00787724615969469,0.0129857140935506,0.000699118598066758,0.00279084158921569,0.00982288287082888
"G[C>A]G",0.000708444296485362,0.00150783869645148,5.18624712949003e-07,0.00277098214228223,0.000411224580997433,0.00265498119876154,0.00416837174321591,0.000310130349288489,0.00141682780105571,0.000718141326273184,2.84687790972331e-05,0.00176110161410298,9.4605020167126e-05,8.53780768217275e-05,0.00130461799594805,2.92798424520408e-111,0.000326097736460015,0.00861411777563655,0.00300213692955331,6.03366749693006e-78,0.000318299787667529,1.06698520125909e-177,0.000387826006111246,0.00221430552369743
"G[C>A]T",2.17475303396441e-07,0.0165720803924203,0.00750816855575861,0.0053317953771573,2.59150863060214e-05,0.0030889583953783,0.057653467564207,0.00294955892569689,0.00687803573321809,0.0011565575888039,0.000413257461429215,0.0116511261793635,0.00219716186219282,0.0020234149032365,0.00312053873098808,0.0121573665034512,0.00816880432503407,0.056531994429301,0.00891202848218031,0.00708303569874687,0.0120948685228067,0.00288313317717545,0.00358664583137646,0.00460586869624956
"T[C>A]A",0.0268092778993735,0.00741068021171554,0.00670459046049447,0.00251456958543003,0.00978509328322678,0.00366619261418543,0.0772952554341086,0.027413047003649,0.0122989813987942,0.00517178502900243,0.00150397844237022,0.0135123467424033,2.07085130323671e-07,0.00328529046010096,0.0037853273459319,0.00252758673640382,0.00278047525650973,0.0303128888428448,0.00945741119566408,0.0164180335009174,0.0119699035892742,0.000781239587522509,0.0040209451889001,0.00562429518208834
"T[C>A]C",0.0107993805655223,0.0139514918847375,0.0027001303068563,0.00298044319029199,0.00904929301206693,0.00852949344626425,0.0419941345231468,0.0161828470757584,0.0154999244026358,0.00183078378314208,0.00298756714043173,0.011590761813648,0.0114496955072657,0.00183396544112491,0.00622299493360259,0.00490498567764722,0.00375815434946692,0.0221044672181582,0.00630427458894165,0.00255997532538319,0.00658768864757514,0.00111230788577968,0.0042240761060244,0.0174841301553337
"T[C>A]G",0.00129834363316453,0.000622596844735862,0.000251671266690023,0.00280347849189617,8.55089173850303e-15,0.0026591768842786,0.00642610803665439,0.00252432541732202,0.00100321285435428,0.000214972043870666,0.000190358980746589,0.0015730245025767,4.67865100748234e-13,0.000432003898409863,0.00256553871810586,7.78907009417157e-160,0.000352039031876247,0.00229564599648275,0.000768028991565097,3.6813749668934e-22,0.000295658805846623,6.20345691181643e-202,0.000598638292937537,0.00364859215980226
"T[C>A]T",0.039139163474853,0.00865651081522367,0.0152148718550585,0.00392615435676361,0.00908862982959255,0.000479762935095501,0.143985532763042,0.020193840727578,0.00904336479788848,0.007205301139028,0.00207980410563044,1.07954733277305e-05,0.00160802451407604,0.0052805998113417,0.00513245991780866,0.0260146787401851,0.0197646562839683,0.060885118636348,0.00017962008291471,0.00239747398508169,2.86181275276415e-06,0.00141647071975464,0.00852136565291504,0.00396363287891834
"A[C>G]A",0.0087035557185859,0.0118951212815068,0.0105836131800525,0.0061213066436754,0.00598732567244833,0.00812065257232079,0.00673446801010594,0.00385982637715944,0.0221353790757401,0.00146264153013115,6.34761463452184e-21,0.0013475115798202,2.23623864963166e-13,0.00308645406495259,0.00737289584962631,2.0957524834855e-53,0.0039370790593335,0.00871267540209818,0.00539027945238952,0.0209114051198192,0.013661308636096,1.72648414734939e-53,0.00106232853185352,0.00552297278309036
"A[C>G]C",0.0104086187310451,0.00371567341915048,0.00447866787519776,0.00433572904105444,0.00194223582564966,0.00316528463250479,0.00344163342807688,0.00219648606215131,0.0137808772845858,0.00079830791335662,0.000150985367743142,1.00716583037113e-07,0.00120312111029715,0.00185801271123015,4.0487899316008e-13,3.61364817963619e-124,0.000632051449358675,0.00523341137123435,0.00778823393575026,0.00556831260605077,0.00494046439644931,4.76090295471302e-117,0.00175951344253364,0.0055313490590816
"A[C>G]G",0.0038025897400295,0.00119579205751733,6.15918906111048e-08,0.000688374292741904,1.29248799886112e-17,0.00310194557791956,0.000972410577808715,0.000667574663544291,0.00674977189429845,0.00106693795233741,0.000237834160880113,0.000587148519163246,0.000477602478235983,0.000544630975199789,0.0018431878811451,2.13962334166021e-87,3.78215000402521e-06,0.00542428732695378,0.00145421021438567,0.00219646027373836,0.00322530853217871,7.37527405762441e-05,0.000548650147393785,0.0123652183988369
"A[C>G]T",0.0192766927614744,0.00887001101585932,0.0075191796655165,0.00651933281862568,0.00282842665480579,0.00137097656670258,0.0063740435303137,0.00592403955870739,0.0266464139046724,0.00232555129148963,0.000446576815227323,1.10271042869206e-09,0.0029539865273485,0.00195659117456361,2.07529371202895e-08,7.9233808651888e-47,0.00989900204860512,0.00767610211594366,0.00261415065214578,0.0140997440346673,0.00930911052782796,3.12954433763921e-143,0.00226700501039457,2.13490780015907e-18
"C[C>G]A",0.00548207516399571,0.00336021129971957,0.00443801466169919,0.0024430684482373,0.00320036630038384,0.00405597002234633,0.00433085330567912,0.0052143500438515,0.0201401575926068,0.000636504928563491,0.000257502158060568,0.0189511308847645,0.000530758420740592,0.00135575904013499,0.00198598296361849,5.59978539804528e-121,1.6282146169334e-113,0.00289774294951652,0.0427685196905186,0.00246748338931375,0.000822231729319445,5.06403548874685e-40,0.00226052201605979,0.0194602280588131
"C[C>G]C",0.00784879416258401,0.00389065255599687,0.00406411351902959,0.00203186726536557,0.00203664399281094,0.00717365595974581,0.00358447304628521,0.00268057254174316,0.0194561572017848,0.000974323171487672,0.000410104009371704,1.99362623063756e-10,5.57009454806428e-20,0.00289625577300315,0.0034290764728886,6.38071530852177e-12,1.71790963893969e-13,0.00397336180231951,0.0122414415352971,0.0051681200118221,0.0014036942164968,0.000137823489259844,0.00266566449202648,0.0336030541571724
"C[C>G]G",0.0014804037797581,5.55518424338211e-05,5.60087925238574e-07,0.000550779407492379,9.75305678594689e-07,0.00381906700044787,1.29486169045958e-05,0.00128759863729198,0.00435249465862434,0.000583657383671903,0.000400398914585922,0.000897466250422636,0.000318362270176692,0.000284778197639069,0.00215215380300336,0.000136479313919781,0.000840906535506201,0.00237774179063895,0.00164206880242814,1.38736790331421e-05,0,0.000106209548024404,0.000967956631848848,0.0207941280203554
"C[C>G]T",0.00578133239222562,0.00572118257821405,0.00754532536361626,0.00125228483352622,0.00640589362387514,0.0107410852082428,0.00460579125318604,0.010788582615946,0.0298753854067771,0.00225573445026927,0.000453984631681476,0.00828218391690637,0.00357944843421082,0.00227211472045675,0.00161742582159427,1.99540114726144e-14,0.00058281842198138,0.00695690934011236,0.0144684321477657,0.00159880941993907,0.0062270102698482,0.000334933427215728,0.00252202900453058,0.0141697234066324
"G[C>G]A",0.00282606265733902,0.00304087787681354,0.00205518508953604,0.0024178461259917,0.0030423743547293,0.0041368072035853,0.00189073077809538,0.00263041570801266,0.0125515729909192,0.00121166081217569,1.37376312255219e-77,0.00562688898521855,0.00126720363822276,0.000669723307183734,0.00021652477712891,1.04661302323827e-39,0.000710164340946252,0.00233455237581101,0.0208939910521039,0.00728170946344426,0.00663210540899726,9.48645600145561e-65,0.000382328305252399,0.00686985096798577
"G[C>G]C",0.00818527433503223,0.00142138848030926,0.00349165941661898,0.00316195889511753,0.00158435418724413,0.00274972815880799,0.000331222780794417,0.00188444540466672,0.0123006272666449,0.000820858915999066,0.000188158888628068,3.17699613794607e-07,0.0201543244566049,0.000543123270010232,0.00123715560624716,0.000687798808509859,0.00258199032543567,0.013919617818628,0.00697699371418818,3.11071668525538e-08,0,5.17695419139462e-97,0.00111333779820861,0.0079484856175747
"G[C>G]G",0.000839386650085294,0.00061720877836653,0.000366216621535347,0.000583359652921402,7.09886211218087e-09,0.00171797333116778,2.4843151897885e-07,0.000276075337476924,0.00241851439948629,0.000235008524595625,0.000164794084706989,0.00209432362380599,0.000423247859205847,0.00016995699417105,0.0032933969399331,8.06744582232592e-05,0.00024679218101508,0.00149433804778609,0.00544123622249283,0.00636230186955417,0.000897956140017365,5.4421721574253e-66,0.000518468233563055,0.00408339387981092
"G[C>G]T",0.00416922383120675,0.00498812748823102,0.00291172030736924,0.00226538507112947,0.00493288633989467,0.00216030258163566,0.00288665001858011,0.00422988944011086,0.0195494224037464,6.79963847619721e-05,3.2777533687363e-15,0.00460573859880401,0.00199219477044235,1.82058714867807e-141,0.000205495886114936,4.33623289856449e-08,0.00470263676464997,0.00373430278728069,0.00339930786078396,0.00993088175641335,0.00412554431922098,1.51804678937143e-68,0.000746095738212196,0.00460287016256071
"T[C>G]A",4.39901568555939e-10,4.56983855608953e-05,0.0133223429938476,6.43390658848319e-12,2.1380821875953e-05,1.23391356789362e-07,0.00508014641936274,0.128040234311503,0.0255084022910761,0.00316101851520616,2.99398060076361e-26,0.0104474181690407,0.00559049415082115,0.00683008096353903,0.00546593534285327,0.00213137354829779,0.00279477789187266,0.00681420280930356,0.0200415729342471,0.00156703659635698,0.00123119843076965,1.00749724890789e-109,0.00535068804974423,0.0160055129806547
"T[C>G]C",0.00389587757862336,0.00201503499069094,0.0117370218534319,0.00203102183157217,0.00304725957103972,0.00859896070137941,0.00484134137094547,0.0366505725510896,0.0272663061896806,0.00355502461355946,0.000776720139729425,0.00361921766954527,6.75880931133195e-23,0.00443937527179869,0.000354658815256738,8.53510113761133e-48,3.69988715748641e-241,0.00581558182264953,0.00907288904836448,0.00909313334878088,0.0013534658039012,3.46342681492478e-44,0.00337082759135905,0.0250657421634235
"T[C>G]G",0.000797727968699169,0.000391922780401475,0.000204530687049181,0.00108358799002841,7.91992531423219e-22,0.00192629093840129,2.1558317627627e-07,0.00557718965196772,0.00311489690636414,0.000883279737578316,0.000193810948379547,2.45599349715394e-20,0.000808176757174088,2.84672082467903e-45,0.00111304418679198,1.18884715848395e-223,2.99182941482442e-05,2.55262858948447e-150,0.000377787152523265,4.43580363029573e-44,0.0024052463543053,0,0.00031141767623164,0.00976081411377055
"T[C>G]T",0.0102870993656807,0.00399681200807554,0.0180035483877805,0.000212338790695311,0.00534094381082342,0.00506030280116695,0.00391650379800035,0.192984018983471,0.0542791691609572,0.00653107914478653,0.000606680969445611,0.00897165468143011,0.011653744978249,0.00724809814682858,0.0144505071696906,0.0058562350182603,0.00801550132809549,0.017904177403737,0.00651854423767763,0.0101227486770496,0.00760820417181206,6.41651030799828e-52,0.00850260009070523,0.00756242872019045
"A[C>T]A",0.00785034607165723,0.0268593731628789,0.00693906051330522,0.0342743773873717,0.0379595509853937,0.0540992258250744,0.0106051523197386,0.00247785413790587,0.0200759387310386,0.00527176660314324,6.86939980158706e-107,0.00539884874359802,7.15202850298676e-18,0.137147714416145,0.0314324766157902,0.0364201338425955,0.0036313704526579,0.00633438982959007,0.012269802837303,0.0139090305173134,0.03473884050385,0.00853051942290892,0.00116175448405671,0.00491822492337958
"A[C>T]C",0.00812623173022068,0.00634296849389882,0.00111992619274245,0.017290651385225,0.0201306197532772,0.0248099516976697,0.0052028735447913,8.82054013380162e-22,0.011016359577456,0.00300945554243691,0.020032445706218,0.00364606595976293,0.000157635832867288,0.0800969226695091,0.00398117280439025,0.00828774480003218,0.00416936347672033,2.76821147562652e-38,0.010721125106865,0.0134726858335284,0.0183408413356397,2.87433066510673e-08,0.00177704377788465,0.00349502289757203
"A[C>T]G",0.00797497365309185,0.0131052210524398,0.00362746215188442,0.194769564021322,0.00445447410948203,0.0430387363436587,6.7371704388557e-06,0.00313834225119425,0.00189981111250733,0.0122796707307074,2.19433957170915e-07,0.0028280997970244,0.00281092597276454,0.0064120955642849,0.00235955328886144,0.0680410157175126,0.00275157456952687,0.0087626328561714,0.00126702905631516,5.61056655584934e-05,0.0464833529943803,0.321375682291008,4.50505854582052e-08,0.00331273324693558
"A[C>T]T",0.0042638510710737,0.0298243690688746,0.00690955271460478,0.0142164781403465,0.0220613120393514,0.0287119781545882,0.010854941171478,0.00229770376322403,0.015695865983669,0.00281406659399342,0.00873151830237074,1.07256559069868e-07,6.05698911107397e-05,0.0137672616269344,0.0036856853462381,0.00887409534717956,0.00420490912155516,0.00840056671480737,0.0126570657576979,0.0383475338526163,0.0192990654936941,0.00261962679045119,1.1898710663876e-45,0.00125796397703023
"C[C>T]A",0.00691320181474118,0.0043100339809655,0.00125365526735705,0.0196470389310004,0.0501467381065062,0.0203930065447748,0.0131164672761682,0.00998892468734376,0.0222523563057063,0.00579253335007734,0.0611099561343201,0.0304433710278161,0.0116292148051667,0.100462821786222,0.00355551033633731,2.91295793956923e-32,8.69911678075052e-12,0.00896515509570344,0.0111729329089806,0.0187790705502862,0.0155772535680555,0.0016492444891068,0.405387859443884,0.00182809992518315
"C[C>T]C",0.00873502569312597,0.00282341603555213,0.0036262568199584,0.0157271686373952,0.0364690701208054,0.0227757872628948,0.0144193496162344,0.000753655738633366,0.016444503485562,0.00295892432342938,0.0988652247207269,0.00690447164668089,0.21837457194497,0.092028350835042,0.00566040731072849,0.00744369975373258,0.00447953966749007,0.0292908575196957,0.0039195654205369,8.72139907244063e-07,0.0153420035117308,0.00170403004545831,0.0465542658481197,0.00342079687209048
"C[C>T]G",0.00414919562410386,0.00339411045445898,0.00564157967815106,0.0926415912766655,0.00221583005345383,0.016305836810282,0.00118105980662116,0.00493222294101626,0.00766912746644658,0.00471444011020547,0.0104671888697056,0.00907619032764333,0.00504384875285612,0.00847937794513536,0.00982751211931062,0.0377969233702071,0.00337692360681644,0.00751744882272476,0.00518451772995392,0.0112519829736319,0.00985442578099602,0.186499975717984,0.0422667584757438,0.00905948178102445
"C[C>T]T",0.00628830759454543,0.0263214160366978,0.00429060259046994,0.0231543536796628,0.0441847843420312,0.0272637128621538,0.00768609235220431,0.00491898554273661,0.0280876102212527,0.0041154945627737,0.07957206403409,0.0162237899796885,0.16261356517609,0.0302977468629974,0.0103313715040785,0.00494102374471835,0.00756622386907643,0.0270994696788906,0.00977459059207978,0.0156300839180863,0.0444342367079235,0.00195354967991446,0.179646570187688,2.57327268532211e-20
"G[C>T]A",0.0101645921981495,0.00239642926007463,0.00393624292476916,0.0157895180882434,0.0311636498325888,0.02342393327319,0.017735169106863,0.00423129953680994,0.0154838421025339,0.00240854576227042,1.14874130245342e-151,0.0217082950452811,0.00540409656445533,0.0673639530973223,0.00444766190239712,0.0281758422700206,0.0037871787425702,0.00459950229500511,0.0254005766140786,0.0128091453699674,0.0160483614422734,0.00471084083264446,4.74528809222187e-104,0.000506875207859465
"G[C>T]C",0.00966003314055094,0.00201359947443964,0.0007945771062344,0.0251454856134027,0.0163628490151372,0.0162984267310392,0.0131303031881284,0.00242084463874646,0.0149479442037007,0.00175485274792936,0.0129804564367283,0.0135211639591172,0.0122349961235895,0.0579664674712088,0.00728826705317848,0.0370910586577834,0.0161823923870646,0.00716090299060762,0.0269532031968493,0.0105500694195767,0.0169435626372501,0.00377652310460468,0.00219940508247393,0.00205800592673051
"G[C>T]G",0.0126160260709524,0.00437574534619054,0.0105335301597136,0.129313699302828,2.49395336162881e-05,0.00763523476717737,0.00597887958911201,0.00531132927438408,0.00482112139147942,0.00786497349402453,7.09623157553719e-05,7.11609566840682e-06,0.00266671581547974,0.00288678012674469,0.0072382676672613,0.0654388593666299,0.0331811813132997,0.00575994033277261,0.00310698291537059,0.0192638805246655,0.0216810393917953,0.165722868468065,0.00166478933230017,4.54471366958108e-55
"G[C>T]T",0.0131744059237983,0.0121777813186486,0.00085369275917121,0.0176761185579096,0.0178273552514538,0.0222404678326245,0.010613232631533,0.0022334363353463,0.0172922130040892,0.00331016741946874,0.0105660040669732,0.00752881315903593,0.00215882147680677,0.0124382510247457,0.00587212487571864,0.022634445540372,0.011424972438787,0.00957663052983367,0.025954109328012,0.0214005310643138,0.0348097225323889,0.00283652860855568,0.00251623838920612,1.49858460345658e-54
"T[C>T]A",0.00189973782587732,0.00739468504781324,7.59643037855787e-08,0.00200788193259602,0.149826179931758,0.00201637698826295,0.00492655507121286,0.177417876067839,2.73362354112043e-07,0.00907936793353996,0.129633905087666,4.96590390479199e-05,1.01052511343918e-09,0.109796074251289,2.80775650652784e-05,0.0108316359893501,0.00178127074230533,0.00507842640020155,0.00556081519120585,0.000165713282988148,0.00865683617751835,0.0056574616847497,0.0483038359078639,0.00343212457242818
"T[C>T]C",0.0121293106985624,0.00486222233335657,0.00562740547928408,0.0113005531944111,0.105438612201846,0.00935367893774025,0.0148731837034599,0.0402899111727476,0.0175700471342645,0.00443147210760225,0.282913549336343,0.00133572410888819,0.00839742811236137,0.11397854681716,0.0076684540155889,0.0117297260842779,0.00503729233093061,0.0123637192484899,9.18824243340066e-08,1.64035012226507e-07,1.61470402842841e-11,0.00283074518364097,0.00487381153311716,3.17591246697475e-39
"T[C>T]G",0.00364917712481753,0.00436188158286272,0.000470855946323898,0.0717881626752757,0.00725789398556201,0.0140723750838119,0.000815704772688699,0.0217467275789299,0.000511296873578111,0.00485874230991332,0.0486290167245073,0.000292546889428771,0.00212384757252459,0.00641423538012593,0.00428530738848257,0.0167207226065391,3.61551326219137e-16,0.00357188736773162,0.0045935939432678,0.00656606110831986,0.0172744324041825,0.118228396698587,0.0114997564210845,0.00223105684942793
"T[C>T]T",0.0167310436590986,0.0183403992330812,0.00229128917834402,0.00435623022056762,0.14047152443281,0.00367195352033828,0.00319603911193391,0.102246638923825,0.0122797808914722,0.00731209475348025,0.104612290717447,0.000658602678794216,0.00585245915521131,0.0334074152186714,0.0319933988260912,0.0140507342217749,0.00665704132090261,0.0147153957981186,0.00524928866436572,0.0434238630048549,0.0181268200408096,0.00450823602437818,0.0179141048730678,0.000316263235254469
"A[T>A]A",0.0373929641523816,0.0156399770623753,0.00725722129729596,0.00790766947546137,0.00602853418488317,0.016764996897064,0.00208166964449246,0.00295896297795284,0.00281944919698567,0.00228115125436729,0.00427878872684452,0.0327809633014096,0.00690728062424775,0.000428648670717255,0.0282709377268429,0.00605278013631914,0.00844268173562844,0.00239679618631033,0.0269817026002516,0.140404594710528,0.024541219134001,0.00082161422921838,0.00390533027674084,0.00385583415245983
"A[T>A]C",0.0108503927301895,0.0157144608542844,0.00625174444925271,0.00960145260170124,0.00330771478731702,0.0147842062718143,0.00207212927311884,0.00173831978135279,8.60427962918903e-09,0.0024035116906603,0.000784253411807261,0.00410095305131487,0.00696974038585182,0.00081997609754914,0.0058960242491075,0.00522241967228789,0.00454259537781567,0.00719946891743376,3.90476735563566e-34,0.0252781717214836,0.0196590750527787,0.00122533549377084,0.000592652618759038,0.00225461120242482
"A[T>A]G",0.00985142199542478,0.0223454415244186,0.00979934545263118,0.00760567350319951,0.00633364878543025,0.0210546750115027,0.00218909871246982,0.00165556018100759,0.00125266488219506,0.00234323374571163,0.00106741765269465,0.0107256189926595,0.000866178540908514,0.000479651303766068,0.00276136618550163,7.50157808795545e-102,0.000585493791910808,0.00161607574243793,0.00534858460428498,0.0403920234860308,0.0214911126060761,0.000454280859970458,0.00254517598377173,0.0046796597721611
"A[T>A]T",0.033964262269641,0.0296042468472799,0.0115454833037051,0.0117225492160317,0.00577454729038499,0.0116760452156525,0.0112715994490226,0.00346425308015796,0.00419394535521404,0.00563573540641738,0.0105397185702553,0.0198842378606541,0.0051118507037888,0.0014333649057279,0.0240989983081996,0.0228057988800242,0.0307411210196947,0.00719312674322468,0.0103123522470497,0.0134706180364302,0.0205119300870828,0.00234714428170237,0.0045349894921738,5.52031030491144e-37
"C[T>A]A",0.00948064282340842,0.0174576740155959,0.00857875362250752,0.000645272552197489,0.00293467768355856,0.00299532445696569,0.00339405420204847,0.00177019230350803,0.00577866131611927,2.38657471827368e-06,0.000844146143426811,0.0358615416639442,0.0378675398596703,0.000497305093137038,0.00217900047938402,0.00131002027970246,0.00230843758732286,0.0223012355527037,0.0252970279690132,0.0126938059894951,0.00390397658388956,0.000724483808427477,0.00280443184100249,0.00460080872708074
"C[T>A]C",0.000561316350737679,0.0256959729815776,0.0146130048415091,0.000395082161728594,0.00211240406680907,0.0069763039261324,0.00688792299034404,0.00259952895811163,0.00394974583325695,0.00799580601635505,0.00119760634325603,0.00844118191492703,0.0240602034598521,0.00216534497355482,0.0157930035017874,0.004218118052298,0.00453791947568778,0.0101499513160388,0.005193078039121,2.95992575476284e-11,0.00930557407782448,0.00105519731519578,0.00425258235159353,0.0049145937810614
"C[T>A]G",0.00232340059400501,0.0227559797468135,0.0136079747806576,0.000149588308871065,0.00303362447679914,0.00761526979504481,0.00518282794977602,0.00240140554691531,0.0102700711575441,0.0047752650787613,0.000571867645902531,0.01877857527516,0.0369660151614248,0.00139103841826121,0.00243009080088082,0.00163690872426064,0.00198180257859327,0.0168131114959968,0.00123711603278,0.00453421035460073,0.00992271091145674,0.000426990655212625,0.00427278629788001,0.00966642966618923
"C[T>A]T",0.00246662573243573,0.0484836299063475,0.0167105580337785,8.54990960477166e-08,0.00118529327836518,0.00251819908875586,0.00597566245845782,0.00312057443029821,0.0150125143926098,0.0231430019703094,0.00332173098976701,0.0640674153616921,0.0580961269864576,0.0021275513922779,0.00497593857453015,0.00291302362358625,0.00399219157980427,0.0201366166814785,0.0110541559194789,0.0105366900554806,0.0122235839726254,0.000763175310557051,0.00510013152696255,0.005225669115056
"G[T>A]A",0.00472997308153152,0.0123166305060538,0.00556722910807645,0.00113433822446758,0.00247055946929799,0.00405828286439737,0.00312256852326931,0.00105774617792402,0.00316239812187387,0.00180707351276126,0.00076584475393097,0.0420438748482011,0.000896572971886537,0.000559740280405056,0.000851176405276777,0.00165095318032952,0.00210107819931423,0.00185196950878766,0.0175589196828088,0.0125436621603876,0.00367164047663509,0.000871649946645382,0.00266376076846704,0.00294561047215913
"G[T>A]C",0.00259279138575784,0.00925697217768931,0.00492036301024773,0.00343794408838672,0.00131981188062775,0.00546169052905712,0.00390413227154287,0.000778948860927196,0.00288255765801261,0.00289801839887312,0.000318459171130412,0.00482049444389562,0.00301655110640712,0.000637115714160468,0.00158240610732654,0.00341703079370626,0.00149640485227136,0.00338362207610577,0.00116185379048602,0.0090178466357206,0.00509142414585231,0.000530000490343909,0.00166475383863247,0.00480473726386657
"G[T>A]G",0.000861543789021608,0.0122680159374733,0.0081464828643122,0.00364335739345996,0.00257088162060913,0.00654782185988259,0.00262300583880858,0.00112550172720737,0.00489495455649825,0.000747666616902438,0.000627255206367341,0.006298351551204,0.000519486945313784,0.000558322052895869,0.00240581673829491,0.00135512243215045,0.00246077167562266,1.77225666242037e-126,0.00438164927023885,0.000138592362695211,0.00622195372320615,0.000184738444236996,0.00130160509969178,0.00577698618090405
"G[T>A]T",0.000244568461521621,0.0307459738806722,0.00909245929383332,0.00197474161396814,0.000644521142351222,0.00466393478272066,0.00460796579942045,0.00136934523481155,0.0072613196896377,0.00467980804924553,0.00168291072012831,0.0364133061081937,8.58196291685221e-51,0.000390001801006527,0.00187951985443135,0.00294857679816523,0.00414408963003274,0.00278830086521844,0.00938729222911422,0.00639267370706608,0.0179964127619188,0.000817818144905771,0.00495603528747352,0.00678631703244583
"T[T>A]A",0.0335921553651669,0.016202177920975,0.0194276274630238,0.00496705588516977,0.00880389425804685,2.46470492715665e-09,0.0138077110947548,0.00342774025994093,0.0068714067329143,0.00419220446841349,0.00287969624096849,0.0522233769084287,0.0054589982646668,0.00181271822473011,0.0411081217251059,0.0112757298090121,0.0129551893771955,0.00848964766252605,0.033754327722167,0.00521540534266127,0.00408164985822513,0.000765863860797832,0.00376014502086816,0.00512337362495894
"T[T>A]C",0.00314611116098238,0.0172015067827272,0.0174302608054049,1.26955301690302e-12,0.00714111240787216,0.00412441458328725,0.0083322083452531,0.00203864531802629,0.00422798651269312,0.00229451337532244,0.0024193152672325,0.007238233448363,0.00116494655035564,0.000304849538331564,0.0023112834741179,0.00302881086645455,0.0011992842335961,0.00401870016807509,0.00307957953574283,0.00500828217360473,0.0071983257961324,0.000745639946983114,0.00175614443872385,0.0086233978816236
"T[T>A]G",0.006399209299683,0.0112346759364727,0.0116255632944594,0.00181410333906755,0.000582635362584588,0.00430793869562064,0.0030114844556691,0.00190744598674059,0.00188728534854158,0.00226020868831728,0.00129020470234097,0.0050704416540458,0.00291053095471205,0.00131658253407599,0.00454975626768338,0.000893327289563215,0.000684257009513921,0.00181739892093638,0.00511682170398076,0.00259615108899745,0.00599161410001482,0.000358506169007336,0.00330576770749246,0.00935125971535932
"T[T>A]T",0.0181537750191502,0.0482082976736279,0.0134427590762091,0.00124073507693387,0.00554015948572568,0.00552960341002352,0.00455322827378868,0.0064214571810456,0.0176939023088905,0.012217325571983,0.0172798280044739,0.0765943397880447,0.00398403792529111,0.00155169096140844,0.111185727635185,0.0132618850827056,0.00844810960982587,0.00737421469279505,0.0233769093907705,7.04319334939796e-08,0.0213858840131632,0.00404478232956409,0.00493962026928382,0.0119537171590467
"A[T>C]A",0.038874839364126,0.00384614551032931,0.0250900927555361,0.0165294825158482,0.0117398508628507,0.0660147416661712,0.000521657068278419,0.00400009730777518,0.0123025545863508,0.00680691263702733,0.00120418429843209,0.0330401945438483,0.00233633387318329,0.00317800616446439,0.031883800006827,0.0269859585913212,0.0841160858667021,0.00773872209886792,0.0355203964364043,0.0248931467767866,0.0252049122319557,0.0122371360427833,0.00758356880143976,0.0528173174999423
"A[T>C]C",0.0104054142838398,0.00811449175781599,0.0153519948709865,0.00518992385728401,0.000166948325465658,0.0172456711710382,0.0040175002696106,0.00173505724790709,0.011044922488923,0.00399512484986575,0.000495634916236857,7.36861661348235e-12,0.00207819230766045,0.00175118398609679,8.90999234750114e-17,0.0058720974219455,0.0221038926356101,0.00627623853048352,9.55595029692719e-22,0.0139239100094444,2.31083433237787e-189,0.00183673783905843,0.00338129988073943,0.0209409333599581
"A[T>C]G",0.0175275949396398,0.00344573222181327,0.0151984902256022,0.0140657235340927,0.00625241031670638,0.0453479090281069,1.70522858255134e-05,0.00295397091206195,0.0121430767112321,0.00578858449579617,0.000937478746268854,0.00446391513892204,0.000180438030426004,0.000565908936893608,0.00498177638331336,0.0165716313736286,0.0618891674392058,0.00366321500032785,0.000915985405949372,0.00337979509536742,0.0142069153820254,0.00948011208110847,0.00577761810330041,0.0394452825230667
"A[T>C]T",0.0368103651852451,0.00971461420908995,0.0207543569133459,0.0181342560466145,0.00832896436431708,0.0558587711348659,1.68834817745627e-05,0.00333569745691596,0.016458418663214,0.0118347713584532,0.0021756826042886,0.0245390405896562,0.00100119791541715,0.00164970747688095,0.00565961663450115,0.0073964733409326,0.0382534175455376,0.00402167415166749,0.0186887303481976,5.32214074401509e-06,0.0315335011491131,0.00287444833283832,0.00559369161077836,0.039883596762912
"C[T>C]A",0.0126302250521861,0.00134663552591218,0.0295393892513352,0.0048940954866064,0.00680620795356215,0.010848092966826,0.00523343445011972,0.0026989299953916,0.00703221840635646,0.00907793468712791,0.00118664250434155,0.0116876788474982,0.00545941717856321,0.00356060930699702,0.00190056756867058,0.0164110134155917,0.0376525431895685,0.00769040497501081,0.0126669967297817,0.0210756774815923,0.00555872237107582,0.00190530697593095,0.00240294357528708,0.0189776310803297
"C[T>C]C",5.08509500594286e-12,0.0164960463621345,0.047950600147919,0.0021337961052525,0.0036857058003862,0.00162460354846539,0.00687715445728039,0.00250754047070999,0.0106163827674701,0.0279492948355915,0.000378760726413126,0.00634912703268793,0.00855574995785569,0.00376580035273523,0.00373718761491102,0.00667892298560365,0.0172229088607573,0.00422801794652336,6.36241389390949e-17,0.0199852325028399,0.00350746072996279,0.000612249453203125,0.00483893352087947,4.41053023333685e-22
"C[T>C]G",0.00684072591131809,0.0014768005747689,0.0335167906799346,0.00952800221406977,0.00655942860005245,0.00985424817955799,0.0054183344344212,0.00164484636957653,0.00629383175909991,0.0235350822943372,7.37296481359938e-08,0.0044943164663699,0.00889341116334651,0.00360587993957095,0.00549240340273776,0.0164021031954732,0.0423073191984696,0.0068884240171246,0.00392066782979232,0.0171370557957312,0.0066185895941744,0.0016753817451357,0.00218444959390338,0.0177153017623538
"C[T>C]T",0.0125214785925176,0.00462160027920864,0.0294035757728431,0.00380900756739477,0.000633520919202772,0.00584927415509579,0.00466337275737445,0.00453570491139852,0.00638177003743425,0.0894022993577159,0.00691090735774265,0.0229521183873529,0.0215072837322943,0.00321165456048285,0.0316916050262648,0.016265900527349,0.0358645413963026,0.011968514144213,0.020337573373947,0.0278302429915786,0.00509067713429479,0.0015382715217901,0.00530969733447011,0.00988528151200188
"G[T>C]A",0.0168423148447077,4.44888769380047e-14,0.0322693511252176,0.00984343479698825,0.00429179857920285,0.0196774202952439,0.00495017738199752,0.00201803744544302,0.00472360448323268,0.0037508719440976,0.000347874502514225,0.00967797767232503,0.00125162877497646,0.00311815693258452,0.00234702033669132,0.0414852045852493,0.0673786158086817,0.00482607420579912,0.01370570245983,0.0125316088333775,0.0115604774180838,0.0364871567700271,0.00272876572050782,0.0106396175573161
"G[T>C]C",0.00659083207046469,0.00240147656445791,0.0265377130795147,0.00748354493453515,0.000127510190581647,0.0109300836828701,0.00487007195949342,0.00112103944189574,0.00581783850224691,0.00876296135811581,0.000238123797116652,0.00130877327729331,0.0172848172972862,0.00253248217304917,2.00848253624056e-30,0.00924385970630976,0.0147217458508687,0.00757942456985314,0.0029006568153452,0.00841651114917663,0.00387946956023346,0.00162896234012348,0.00270958570775549,2.51180247303954e-13
"G[T>C]G",0.0114933038463889,1.43015687631887e-20,0.0327304491325136,0.00717217081179842,0.00371397278432069,0.0120482975150116,0.00731135814238391,0.00291964241242006,0.00467887884987858,0.00478543787896282,0.000185571085433011,0.00357961214492594,2.85643676909392e-09,0.00250523166010797,0.0100390705658687,0.0224481993461121,0.0274615343968802,0.00614388445652602,0.00502232987634203,8.1669908180833e-08,0.0104039623441734,0.00982528203083265,0.0022298137509135,0.0120630864173532
"G[T>C]T",0.0225137536616274,0.00233067595021786,0.0234441710338892,0.0109605963929702,0.00499853197961309,0.0266082755353716,0.00108925153399439,0.00114408580994167,0.00902835484116979,0.00941958637077369,0.0109935713716615,0.0184205473491055,0.000622560437508522,0.00258788164765154,0.00468232300794304,0.0221508932838162,0.0411323967793736,0.00257541749190642,0.00881894194858132,0.000136298423960823,0.0108123896463157,0.0157935947853068,0.00386639955538576,0.0195403186965409
"T[T>C]A",0.0215779656995298,2.69823697004563e-07,0.0515494097153461,0.00523612798575453,0.00222622914714653,0.0125955866858184,0.00637912503140767,0.00385023365995471,0.00799567864080691,0.00449475138396377,0.0068947401812749,0.0255619591989341,0.0038106790888492,0.0040000561277288,0.00611308950175778,0.027799641852688,0.0468412873120052,0.00864817094534415,0.0335820700203861,8.84568363729849e-06,0.00409605045294217,0.00256206865813755,0.0033353585804805,0.0374343114376474
"T[T>C]C",1.9688592860699e-07,0.0106476445486981,0.0770617448348505,0.00340560743936435,0.00666142770956758,1.23322605478677e-09,0.0118636046666694,0.00271304211493268,0.00558331569525899,0.00912573860662698,0.0022662079454381,4.99575416097093e-10,0.0024237016156559,0.00445392013085888,0.019842652760511,0.01647781436537,0.0272476523215417,0.00564561857533935,0.00926144242666904,0.0124415824281153,0.00717161859930232,0.00134999703423885,0.00471947259095992,0.00272620125409027
"T[T>C]G",0.0121900026060546,0.00272596305430281,0.0378115862053166,0.0055674454861364,0.00544176485273394,0.00590574480380439,0.00452469387498076,0.00220223815058961,5.25110706092797e-18,0.00385475650146927,0.00268878969145052,1.07305054737005e-07,0.00215998898009139,0.0012531015601399,0.00359324625976133,0.0139317337300241,0.020198456488226,0.00355382289920983,0.0116536951422657,0.00119020092401399,0.00160121106519457,0.000885918581064814,0.00162309039908283,0.0236672090019225
"T[T>C]T",0.0250003876185977,0.00424202177619868,0.0460196728322942,0.0104033319933082,0.00304281254103574,0.0180054279604855,0.00701419021645082,0.00464347697763714,0.0110928519849759,0.0155463330449025,0.00658321935972986,0.0318317698517322,0.00270849792796569,0.00254845533276315,0.192315113111136,0.0300863388660739,0.0358535174233383,0.0045186396564488,0.0309729832435013,0.0286564160199651,0.0160779153871264,0.00246108021352095,0.00603877347033557,0.0294599090953809
"A[T>G]A",0.0386291273784885,0.00248415302822912,9.8790422916487e-06,6.78352710037939e-07,0.000677617373850999,5.27498334623518e-07,0.000312864458710602,0.00231795299958108,0.00550335891560176,0.00245640518435356,0.00106936773840943,1.28647999068139e-11,0.00255003223269038,0.00146313277809541,0.00387044909492967,0.00134877898926574,0.000241146287394796,0.00110074159857808,0.00657121160199927,0.0131623160381973,0.00351757444141768,8.03754595408406e-05,0.000616507443176571,0.0126649083088029
"A[T>G]C",0.01109905675656,0.000270253581817978,0.000373825720466685,0.000209853539893121,0.00228443992897217,0.00227760787991588,8.97449354633716e-16,0.00139160852728901,0.00322933465196192,0.00445304406778627,0.000492005962192958,6.22292048075622e-29,0.00134458225813294,0.000258058217845077,0.000352617900481408,0.00160087627640822,0.000888536379901823,0.00144087354867735,3.05948350013354e-64,0.0036534073107476,0.00420658814220129,0.000634291331869942,0.000227946971666826,0.00390200373640258
"A[T>G]G",0.00758155672638622,0.00984561453899539,0.00156958832031304,0.00165815738564832,0.00367655660293423,0.00396805696030426,0.000655939375245632,0.00174977286070015,0.00715551937986757,0.00367861754944924,0.00145420453173323,1.4752203268935e-07,0.00238219613994605,0,0.00281489002360749,0.000860660609525959,0.00159587969717666,0.00277724196729947,0.00254944704752407,2.01179213641278e-10,0.0101637518279631,0.000546009309549032,0.000991692114472582,0.0130059856216437
"A[T>G]T",0.0147861232536331,0.00142118498018725,0.00140095902284658,0.000193332340998941,0.00272871529354294,0.00416760292329593,0.000994540390173806,0.00224865225554061,0.00401027406274718,0.0503537224552754,0.000691025814058425,1.56190153773582e-12,0.00115225196590004,0.00184761848738149,0.00520617603370501,0.00461261412761203,0.00150662221152386,0.0029365084653457,0.0039219775528095,0.0031637907625691,0.00477774979637645,0.00104719635652521,0.000783826214717324,0.00168512345081852
"C[T>G]A",0.0116447627782781,0.000997286583240484,0.0027956584328681,0.00122839017924439,5.82767370344326e-06,0.00132696251492093,0.000689217063755635,0.00101868728234064,0.00508152606417063,0.00352902597331375,0.000350492331439019,0.0155064891377024,0.00222906115229278,0.000410617980408023,3.15806250378781e-36,0.0006988392523264,0.000392482907636725,0.00386400706580028,0.0235925026144798,9.27462587851753e-83,0.00169207616036027,6.49002515947196e-40,0.000587177741606753,0.017473327131068
"C[T>G]C",0.00405702540175481,0.0024209053757654,0.00170073385854846,0.00241575246809437,0.000776298563600364,0.00390710525063398,2.56610667054755e-09,0.000831247600765721,0.00641319680650011,0.0167139619922668,0.000511010620896693,3.42427598938189e-07,0.00065596107683808,0.00055834184482707,0.00289471817703915,0.00303482593880851,0.00250038886372985,1.58548784120607e-43,1.78564644573631e-18,5.06021315185998e-06,0.0011244074993585,0.00106921515630024,0.000537096831832703,0.0154982686767964
"C[T>G]G",0.00733713022236099,0.00709080072151077,0.00650227340807006,0.000918202543330769,0.00338872149796562,0.00267792949623674,0.00220357896559206,0.00159743777799517,0.0101434565302246,0.0107064849106751,0.00100940909515286,0.00164458280910271,0.00253311575642852,1.26355358980699e-06,0.00116624649591399,0.00482171188751206,0.00497095688844905,0.00323577872349041,0.00184236364167687,2.97651357613143e-54,0.0113142001428241,0.00115968266057156,0.00129796167439312,0.0265577035345939
"C[T>G]T",1.08008876787784e-06,3.18976759280467e-06,8.9328115028776e-06,5.15278402777734e-05,0.00496542990001623,4.68247315208718e-05,0.000612795316345966,0.00258854259682632,0.000252920752575766,0.24067678299461,3.69930845104522e-13,0.00445732762001458,4.4269100294271e-05,0.00155234374366752,9.03370098163998e-23,0.00411212695185489,0.000104167414885073,0.00428020835607447,0.0162968896304102,8.68797566223957e-06,6.39579552856997e-05,0.000756034001857534,0.00149715570064315,0.000116252013914389
"G[T>G]A",0.00713967867588302,0.00202318230342618,0.00129606284467783,9.81635373635843e-07,0.00103174616538787,0.0014494699288086,0.000496074674900428,0.00070405418877377,0.00490393866390292,0.00129230083197214,0.000278359268622358,0.00763369463521254,0.000794789192123146,7.12536353564291e-108,0.00118588522563224,0.000804764054698845,0.00054223648235154,0.00342421676640304,0.0136977151095672,0.0101533985346635,0.00256901294210536,0.000150058564782102,0.000551819135439643,0.00865430417263613
"G[T>G]C",0.00547594183926563,0.000258837897981187,0.00172832926241511,0.000498788339429038,8.35626778369433e-05,0.00136923098144484,3.10571705932607e-11,0.000254037651424626,0.0025895897496787,0.0055613032351987,0.000241596364666941,1.16855691470934e-16,0.00532921398084557,7.53040373488665e-05,0.0016931102501879,0.000857718043650078,0.000180457770887636,0.00236795216473228,1.90569520612934e-152,0.00735815695231022,0.00182403843355351,0.000278408183603996,0,0.0044236732248583
"G[T>G]G",0.0058717242770878,0.0072447268539696,0.00255491825078294,0.00280999221571802,0.00384458050405434,0.00301346772336682,0.000497771393536114,0.00107785359589521,0.00986595638416533,0.00390631601374318,0.00177660918646876,9.88717697695401e-07,0.00140614277590451,5.34211943727369e-133,0.00586198514824244,0.000840039426407147,0.00110270628083942,0.00204789374251208,0.00467399420394435,0.0330925201007299,0.00903726457045864,0.000187247961729209,0.0014069736045191,0.0124033538164578
"G[T>G]T",0.00361806933338185,0.0017352878473875,0.00351507622188649,0.00145652771521773,0.000856274226258893,0.00143737916358254,0.00127134919484018,0.00147989082988985,0.00639054966928884,0.0625159747927359,0.00198483436354115,0.0025137263837425,0.00058448566890482,0.000401816404067798,0.00907572090422217,0.007299345771329,0.00151690877343718,0.00184911063376287,0.00707005154829429,0.00939880463570033,0.000985722445094361,0.00222803218450932,0.000800917448908796,0.00164439126802423
"T[T>G]A",0.0280567324004785,0.000503523118029739,0.00419621909983975,1.31253989632251e-11,0.00188231829488517,3.69685224385301e-10,0.000785792488463167,0.00173650244602832,0.0142818580444757,0.00343818629006309,0.00167099744500034,0.0257654338288992,0.00308931681644137,0.00110185947596156,0.00594147300620152,0.00126766482239082,8.09619326222132e-46,0.00254213739595866,0.0380393390342245,5.24357611594395e-13,0.00063177105011009,0.000421379789054271,0.00204783892973363,0.0338243707248442
"T[T>G]C",0.00886250979684437,0.000679948940743594,0.00366606596678272,0.000205261312963125,0.00374601635383993,0.00605283269128764,0.00167388035583311,0.000943823008976891,0.00651706373409742,0.00855397449768673,0.00169384851579943,2.6504955378013e-11,0.00130352349988611,3.53966187240453e-102,0.00378180646086267,0.00152777366542531,0.000292323309350338,0.00112737568731132,0.00106454450858254,0.00219512346471307,0.00682206985498681,0.000587301003293898,0.00086061101133055,0.0202284756688948
"T[T>G]G",0.00633505366231317,0.00871145589311981,0.0125438133007791,1.57964230393795e-06,0.00433452901863302,0.00129564481864776,0.00332167112672714,0.00221292616580253,0.010833807880993,0.00497278566463664,0.00133539430109292,0.00100067184415325,0.00327034308472716,0.00103355306240152,0.0137061164258079,0.0028358106099526,0.00146394773891125,0.00928804441385282,0.00333130008484977,0.00370742279522489,0.010567530200441,0.00081391656514034,0.00112093823088953,0.0291476103580369
"T[T>G]T",0.0255840177839854,0.000954937193031639,0.00569488018011763,0.00471965578052834,0.00386345418335771,0.0034807614960351,0.00650320308638585,0.00397687757388231,0.0166162647162103,0.102188364007908,0.0039799250319759,0.0276006243401297,0.00255754739974469,0.00285532147916188,0.0920794722159526,0.0121537523337822,0.00213205360201978,0.00713544960509504,0.0242039057496531,0.0172980458081543,0.00843219614057227,0.00192611742962139,0.0017081441482521,0.0275873203516295
