"","ICGC-Esophagus_common_SBS2+13","ICGC-Esophagus_common_SBS28","ICGC-Esophagus_common_SBS93","ICGC-Esophagus_common_SBS18","ICGC-Esophagus_common_SBS17_a","ICGC-Esophagus_common_SBS100","ICGC-Esophagus_common_SBS1","ICGC-Esophagus_common_SBS17_b","ICGC-Esophagus_common_SBS3+8"
"A[C>A]A",0.00896788812811094,0.00122061728498363,0.0154546140808462,0.0435751217080936,0.000421192003956303,0.0171456347412807,0.0136252348148964,0.00436439503854901,0.0230236465434727
"A[C>A]C",0.00347161481752754,0.00111809351084521,0.00573660525906228,0.0165331519257706,5.12052294205857e-05,0.00930893007014176,0.0112530880059583,0.00254509200964337,0.0191248671595598
"A[C>A]G",0.000197489292359108,0.000241389692335037,0.00193164176598672,0.0017828104162881,2.97392424851891e-16,0.00165646596961636,0.00139148217260622,0.00045684341066986,0.00270970959354531
"A[C>A]T",0.00298664267334902,0.00110752338605153,0.0114889434965598,0.0191206263097696,0.00051949053720636,0.00818733711769112,0.00803584670148226,0.0028621409689793,0.0212483080049898
"C[C>A]A",0.0099713283052718,0.00110315220195484,0.0118104543846152,0.0354835728058913,0.000950828715700447,0.0100067363080432,0.00779973626644145,0.00222779396445698,0.0171041127043899
"C[C>A]C",0.00427232796729611,0.000412057616934169,0.00960106556367434,0.0120154977204032,0.000554392380125098,0.00606109197662849,0.00505180193474703,0.00197119639241275,0.0158876054294145
"C[C>A]G",0.000717201245243701,1.16971139910239e-11,0.00227828232677141,0.00503460630374817,0.000342254741007833,0.00115142434425692,0.00150762377753081,0.000116277240191694,0.00256157838215451
"C[C>A]T",0.00899984691367631,0.00461244923699397,0.0155478435758883,0.034069819121364,1.83104102548516e-05,0.00524747795680094,0.0115373759795729,0.000243476158203997,0.0142866052701399
"G[C>A]A",0.0155582248144808,0.000315195581652758,0.00947326691851207,0.083200967859369,0.000905304308184556,0.0162499538298892,0.00600006933058011,0.002988734217858,0.00621521869126265
"G[C>A]C",0.00138236171147712,0.00086698807207231,0.00550583300134738,0.0175429114438575,6.86211887827602e-05,0.00484109030958901,0.00590495081530412,0.00180681507365518,0.00995384528657386
"G[C>A]G",0.00169475335765404,1.34997122680246e-19,0.00160215956103849,0.00518948975191929,0.000137056883841286,0.00220277560357696,0.00135672425104179,9.60321354390335e-05,0.0019733674844213
"G[C>A]T",0.0101849253025575,0.0012709704128459,0.0110115047179995,0.0482351301905441,0.000255472868168046,0.00840009318011172,0.00591869068298495,0.000440975622047145,0.00604142713797968
"T[C>A]A",0.0271167051749182,0.00166976742881312,0.0145536413761748,0.0592359506406555,6.55978364121895e-09,0.0159835242058101,0.0165763992855458,0.00359627776303679,0.0102630204090362
"T[C>A]C",0.014358218892977,0.000251045737302215,0.00751846990631102,0.0347645124979756,0.000812969542166349,0.0079672169471938,0.0094016163628109,0.00298105711163109,0.013867549856948
"T[C>A]G",0.00311191342054,2.37459920328023e-07,0.000454446386240334,0.00660362809548439,0.000472495864091643,0.00117334078746367,0.00254245941309345,0.000469184088482911,0.00167893328663722
"T[C>A]T",0.0322666637458584,0.00435559866555747,0.015424151927953,0.113142281219513,0.00098758390947986,0.0162594483495957,0.0286766709097352,0.00436040059603859,0.0139812651292602
"A[C>G]A",0.00676404389939023,0.000708946878875994,0.00990574465541669,0.00457461053311726,0.000109245348960959,0.000899021104428496,0.00429051564048513,0.00221919360063176,0.0149388999729407
"A[C>G]C",0.00176820181283611,0.00065855930275547,0.00552978101282978,0.00233284234040124,0.000796172036303344,0.00227712905356009,0.00353118013428229,0.000518758967665705,0.010029959343878
"A[C>G]G",0.00126750299036622,0.000241709906526149,0.00154374876046355,0.00110472784444824,0.000312128759790858,0.000355017797377973,3.4166665921379e-10,1.1916129701201e-22,0.0047162278783906
"A[C>G]T",0.00513746934881794,2.9416674785265e-16,0.0231373236116711,0.00244786822338001,0.00175371641321013,4.64268952604613e-10,0.0029394581303962,0.00286311773971372,0.0147590112527086
"C[C>G]A",0.00405286242258552,0.000668081327707535,0.00620846299793775,0.00220043162155325,0.00066402898851434,1.08757138116011e-08,0.00139142871737554,2.3796892057733e-05,0.0112925147677426
"C[C>G]C",0.00188800683690952,0.000842689928315849,0.00542890479846564,0.0018114139170309,0.000343292826088458,1.77544246505672e-22,0.00186735455243547,0.000390857238515629,0.00972427990827715
"C[C>G]G",0.00118422421542083,0.000241779755931676,0.000411239940672666,0.000344933672577788,1.28568423766226e-05,4.48440061596372e-19,0.0006911445524386,4.1513906419039e-18,0.00291234397002389
"C[C>G]T",0.00487392857042581,2.78847502518932e-11,0.0107840196792049,0.00269941336504443,0.00107705853338219,0.000743824662136035,0.00185978375395406,0.00137399508595421,0.0147699822043221
"G[C>G]A",0.00180158806732053,0.000425450005272281,0.00444154919752032,0.0017566138677675,0.000234250919018672,0.000426229707134033,0.00120601086478872,0.000606867746346545,0.00693327341104914
"G[C>G]C",0.0018831481648087,0.000899787903721863,0.00834369766311841,0.00223985515831604,0.000342378633022493,2.23513190926916e-13,0.000598793288663984,0.000865122859788836,0.00607262630375084
"G[C>G]G",0.000224195546889763,3.68677669469935e-22,0.000251662987487536,0.000325346840968866,0.000114924514033044,0.00041253576467868,3.94612166633073e-09,0.000235108160739244,0.00221375034137298
"G[C>G]T",0.00399043453791964,0.000600848576540964,0.00786981170638876,0.00262290185880557,0.000647463077619115,1.1800212486526e-18,0.00165951368671726,0.00153877613991041,0.00985571325119326
"T[C>G]A",0.117450901784739,8.35358544491553e-11,0.0108173292928091,0.00223999396427477,1.94539097664638e-16,0.0115981559479543,1.05725685020534e-05,0.00464044032721564,0.00949235995628828
"T[C>G]C",0.0268653825356869,0.000729733935261491,0.00958432894976685,0.00240909888340615,0.00085073143865538,3.87552027514926e-20,0.00191650755795637,0.00183917556369275,0.0143833019921681
"T[C>G]G",0.00756287262499806,1.35088378118029e-22,0.000529519749136114,0.000304876123595415,0.00019956351264125,1.39446871320505e-13,0.000140121242412008,0.000595152789945571,0.00247001528842349
"T[C>G]T",0.129562701255477,0.000947670284889198,0.0348123729059569,0.00410432486498983,0.00356975955945308,0.00972361860008321,0.00656425670988267,0.00723911469620548,0.0239147688651068
"A[C>T]A",0.000763619358503747,0.00588804784279359,0.00168893111416945,0.0125587815125754,0.00170508528626875,0.030471578816946,0.0232087503505248,0.000301084933884823,0.028546729932099
"A[C>T]C",1.68747240562186e-11,0.00192547084110453,2.73022986164926e-10,0.00714014327285528,0.0012456234035412,0.0140455567174918,0.0136690150855675,0.000825771330670028,0.0147119729813993
"A[C>T]G",0.0186802782396155,0.000775255624533758,0.00244310785563717,0.0343160061446237,0.00234149705907055,0.0391349787163274,0.118106128052466,8.36769075552826e-12,0.00772100563961268
"A[C>T]T",0.000273590250114226,0.00151659235380135,0.00370494041810252,0.00951098625298059,0.000530555344946583,0.0234550790421929,0.017743764598129,0.00296545179823076,0.0252658890347525
"C[C>T]A",0.00352314411640653,0.0027311553365476,0.00168593841778642,0.010639683806723,0.00257635298266097,0.0347660673775909,0.0166180478148764,0.000545821456753564,0.0230473664691443
"C[C>T]C",2.09664434316429e-08,0.000439108640556949,1.25676256725512e-19,0.00940281033869968,0.00211010266158005,0.0259372201904113,0.0146904409246737,0.00245431424753696,0.0209947716322377
"C[C>T]G",0.0118207173795229,0.00175181779103654,0.00225855996153713,0.0268357119829412,3.32968095964754e-08,0.0247738984774846,0.0823783872600668,0.00298937565044271,0.00715469170640935
"C[C>T]T",0.00364391965289724,0.0031819957514763,0.00684976405579461,0.0123006272590112,0.00113635247259197,0.0276933673328182,0.0184566635057752,0.00306688753008173,0.0263317392349566
"G[C>T]A",0.00440443767909592,0.00352712657448241,0.00182784750116567,0.0115415433066229,0.00171287361895563,0.0166071080459532,0.0176049317681824,0.000335598129528917,0.0166168406446314
"G[C>T]C",0.00148827081769776,0.00133094332239476,0.00361984202923409,0.0100199557215848,0.00315367636021346,0.0137574189167419,0.0195798518012095,0.000701501321015721,0.0147526856113409
"G[C>T]G",0.0195768227171934,0.00223357077720365,0.00662501567540932,0.0334310826815512,0.00304369763242819,0.0287416466929252,0.10227635634146,7.53102163618809e-06,0.00284587321425776
"G[C>T]T",0.0053016321106334,0.000723567391287803,0.00286060745085056,0.00883597280216329,0.00180564807804809,0.0149113121792938,0.0192705546698542,0.000705194015555371,0.0158526153908218
"T[C>T]A",0.185806364953134,0.00300168443022305,0.00169350999369321,6.8432286264179e-07,0.000241878788111456,0.143637346186078,0.00167035983656592,5.40813035649481e-07,1.12107606287626e-07
"T[C>T]C",0.0422320051427139,0.00498933217049807,0.00179481438566743,0.00623137503210495,0.00261990370988043,0.0558536539787173,0.0201722587003452,0.000144830350736208,0.0160420078443281
"T[C>T]G",0.0313751751911026,0.000242710672247522,0.000211433582173035,0.0145955146965154,0.000450706590506727,0.0310151576440778,0.0522426009304849,0.00166092117572643,1.82829089627756e-08
"T[C>T]T",0.10096421206174,0.00725342738720551,0.00837965335837798,0.00394453597801096,0.000962432037815794,0.104708258770102,0.019824110890551,0.00136055810456778,0.0094384839792123
"A[T>A]A",0.00216174033042681,0.00155287928206239,0.0121613726271735,0.00385477054311452,7.01359692401694e-13,0.00571260844905297,0.00920157822408509,0.00212698872754443,0.0114309248754771
"A[T>A]C",0.0011951437075018,0.00222829336568016,0.00555437627662142,0.00490652317617221,0.00102296115494216,0.00578576184042341,0.00832067244831531,0.00178333059083332,0.00856109109649993
"A[T>A]G",0.000654344619248758,0.000964328663976715,0.00377034503112105,0.00366379862319664,0.00101056474147117,0.0071078729376337,0.00653916038922905,0.00202260016804958,0.0121106296495588
"A[T>A]T",0.00433153582677708,0.009624832642782,0.0094848215073817,0.0178661797405679,0.00229387257649427,0.013740513415839,0.0204248957002139,0.00578408376185234,0.0153749513021048
"C[T>A]A",0.000997222194606997,0.00228957447095811,0.0104049156663419,0.00237413511096609,0.000123019859989603,0.00332250116467652,0.00278688461659302,0.00122402824741038,0.00988023983447269
"C[T>A]C",0.000338777179851917,0.0128862351821428,0.00196240579606534,0.00316974410892744,0.00952114104803277,0.00681779002439036,0.00345697504376459,0.0110673795968548,0.0117466949359273
"C[T>A]G",0.00191130586778275,0.0067499239112862,0.00466629725070226,0.0022413775473451,0.00289193699553673,0.00379365631939753,0.00212637667754338,0.00360698426149345,0.013178305612844
"C[T>A]T",2.99141183023358e-09,0.0214279978007007,0.0175343811026751,0.000988985304272406,0.0275874031157507,0.0142916880180368,0.00216526889712769,0.0540595510939549,0.0182909104735567
"G[T>A]A",0.00211167552592145,0.000796354198788936,0.00477027096231757,0.00171878331164594,0.000426940403799598,0.00184155183421785,0.00193256495542193,0.000378823287459546,0.0063919817896717
"G[T>A]C",0.00168314341986182,0.00377455020502401,0.0031592129503511,0.00208101943175116,0.00183399289447738,0.00184451435641328,0.00285210608793467,0.00418308782574352,0.00536444861741405
"G[T>A]G",0.000710634295808151,0.00163255491540539,0.00186061315968548,0.00170522672839693,0.00112917191544358,0.00212783644771072,0.00277667076132875,0.000982769268759175,0.00816678674588231
"G[T>A]T",1.75684926807867e-08,0.00587888595835773,0.00302266626520742,0.00572138199602298,0.0056686454700986,0.00314209673012143,0.00277124965768517,0.0104267783347976,0.0121026192955231
"T[T>A]A",0.00454555018840147,0.00512303610700601,0.0192958548403991,0.0120173546236565,0.00195739069895645,0.00945358126233763,0.0175543991154356,0.00382409618071712,0.0136302794342775
"T[T>A]C",0.00205152655885183,0.00558750274132388,0.00714743059381173,0.00216826967141931,0.00189792602269741,0.00259354420266855,0.00347213202722566,0.00339002366352487,0.009651674647082
"T[T>A]G",0.00118616792812312,0.00214696187295989,0.00603891491585196,0.00179221313219918,0.00108379513310436,0.00277628148067218,0.00205143009563057,0.00112413959399376,0.00693436589049956
"T[T>A]T",8.66709020680564e-07,0.0138712998375601,0.0188872239101083,0.0046076332159039,0.00671167460062944,0.0131400202461982,0.0102392985037774,0.0161992041123035,0.0163264931276052
"A[T>C]A",0.00494622816424033,0.00718162073754556,0.0307943033142483,0.00841999955527253,0.00144241528873752,0.00871270430687327,0.0197532591802268,0.00477881098189892,0.0224721159396085
"A[T>C]C",0.0040532943146414,0.00964714224268076,0.00579299025138259,0.00419953648787131,0.00179056059598957,5.96103106689069e-05,0.00811964356573655,0.00324855738647108,0.0116520704480502
"A[T>C]G",0.00474364170067426,0.00719948030082956,0.0119785043431956,0.00438873121297087,0.0013144947229415,0.00193348606145109,0.0101317056837362,0.00114934305151903,0.0155127550412345
"A[T>C]T",0.00636456222324889,0.0109863675005681,0.0131287773146232,0.00800029556188245,0.00216191397369045,0.00766901784742234,0.0177226098682542,0.00840784765324501,0.0209683307649841
"C[T>C]A",0.00270514641828817,0.0171832328425302,0.0215888825220247,0.00416102762517028,0.00303881861517523,0.0056965583480831,0.0046095056485067,0.00539811657928429,0.00802487900261386
"C[T>C]C",0.00691943852319321,0.0554080055126389,0.00784554720976119,0.00613544098119327,0.0237321023058211,1.46429710537217e-05,0.00344029956045275,0.0456587026678005,0.0110860155154886
"C[T>C]G",0.00489990562511711,0.046256970020153,0.00348254446066591,0.00754231383161545,0.0131648411778939,0.000977025875673893,0.00515225054856946,0.0237374012083943,0.00812736290504351
"C[T>C]T",3.86823952922401e-07,0.0920143862751298,0.0126939144079528,0.0145786094787487,0.0797750728095305,0.0147878078073998,0.00348651262074794,0.220828930363012,0.0189103575734492
"G[T>C]A",0.0045497919716776,0.00814873887687531,0.0121332349527525,0.00603304411683457,0.000588809394500078,0.00285926813396827,0.0122319854601966,0.000539943637541873,0.0112180451579287
"G[T>C]C",0.00225566922731201,0.0142720212702133,0.00921665238146933,0.00424987913631759,0.00383122949765665,7.99189900874685e-05,0.00893970933245869,0.00801818911167352,0.00655666360485558
"G[T>C]G",0.00205745162401004,0.0146111985564242,0.00144689770625465,0.00477264749565021,0.0035936898300389,0.00348993304858733,0.00686462974307804,0.00500659672506327,0.00888384767755352
"G[T>C]T",0.0054760112324646,0.0151090897509284,0.00941870943080769,0.00602590620469251,0.00600793391255006,0.0027024234747144,0.0108942673242769,0.0177196360138525,0.0150507636998906
"T[T>C]A",0.00306754750904563,0.00473143553799516,0.0620108702300013,0.00528999662093229,0.00375320521268132,0.00593855792527198,0.00626518299246689,0.0080487415884768,0.00452928068863949
"T[T>C]C",0.00255025904437535,0.0233260888856766,0.0149964367450244,0.00398582906222117,0.00371771159142099,0.00303536915653422,0.0110341840750874,0.00616522133814906,0.00871205384850419
"T[T>C]G",0.00233158536068654,0.0132668382498639,0.014194648042399,0.00389233425980128,0.00192057307423808,0.00157379851201588,0.00462457032656614,0.00446974685655167,0.00466479297611698
"T[T>C]T",0.00240041698879728,0.0300964187327257,0.0154215642249254,0.00906064766613812,0.0053111622511583,0.00458213717037794,0.0156606315186783,0.0236848574631192,0.0149836829063694
"A[T>G]A",0.000918899852599186,0.0018405954866389,0.0235431478599924,0.00108842861258012,0.00231273189095087,0.00254169650340307,0.00137803954063362,0.00113048414901556,0.00290595183539395
"A[T>G]C",3.63052258054657e-09,0.00827976726003144,0.00218062106211152,0.000106747249581212,0.00452797829789544,0.000833231420529218,0.00176905340839697,7.20810620552965e-07,0.00160864871222471
"A[T>G]G",0.0022676512434866,0.00466146364567376,0.00639598558242721,0.00200670516526341,0.00135853737117204,0.00147344866933594,0.000604231749434157,0.00020656489424346,0.0090198523733785
"A[T>G]T",4.25400501875758e-13,0.0734402316735069,0.00606664293220568,0.00408628042754748,0.0461897656945425,0.00536141935274617,0.00193268597361666,0.0371416687080061,0.00392670358547818
"C[T>G]A",0.000575423383078097,0.00477429972854646,0.0109405676061271,0.00127935868569567,0.00256231542083865,0.000489999066251323,0.00147180305667179,5.74863553745248e-15,0.00364987717132269
"C[T>G]C",0.00345278430336631,0.0157416050291141,0.0114647839890214,0.00350133247833799,0.0274575854860777,0.000167174657183023,7.91541638286872e-05,0.00213719751897019,0.000663950924157171
"C[T>G]G",0.00613419405993599,0.0130256694589406,0.00856118027862846,0.00323601264719932,0.010298326647465,7.21324962768302e-21,0.00186241121829556,6.08318449676822e-11,0.00847716676778753
"C[T>G]T",0.00377655773628669,0.116177829541212,0.0897248441397229,0.0122576568551412,0.441666322697866,0.0114080875526083,0.000626797917144999,0.247490243977073,0.000105145043789262
"G[T>G]A",1.07954858322435e-05,0.00125043490135473,0.00484318992275558,0.000521089231565188,0.000636025017601143,0.0017062297483814,0.000668310025623379,0.00073303463417266,0.00388121707845687
"G[T>G]C",0.000841516303453781,0.004784064554958,0.00627667849393484,0.00144279251400916,0.00595934623973235,1.77544246505672e-22,8.27125779376632e-05,0.000881230821652726,0.00190994457101908
"G[T>G]G",1.99952169336506e-08,0.00392230326032059,0.0037495453486795,0.000634486839276013,0.00347313073294149,0.00169047502982719,0.00202259502925455,0.000225422112545571,0.0100337416656254
"G[T>G]T",0.000302333904769671,0.0494908092586933,0.020728451283317,0.00297982077486626,0.0905142400930564,0.00373812794275756,0.00504604263607689,0.0570778930243926,0.00275928915515509
"T[T>G]A",0.00168637415583974,0.00221674479168657,0.0453999691625417,2.42826291973816e-10,0.00348168796694548,0.00224727372416584,0.00134814301560994,0.00274990663082899,0.00127883215889645
"T[T>G]C",0.00175899702333216,0.0123198676015569,0.0106696260756196,0.000155790596261592,0.00677942402207355,0.00187702714674665,0.000504206316960908,0.00106509061304584,0.00205920522952
"T[T>G]G",0.00360145952202135,0.00879657170836553,0.0131362823709983,0.00224704428070563,0.00302199671233502,0.00232333271847444,0.00301678611299173,0.00173574757535843,0.00746309863547381
"T[T>G]T",8.22167044399326e-05,0.146281344526034,0.0358165152681647,0.0124880716341218,0.0862944389536874,0.0147506630370756,0.00722577768402847,0.0638387316404427,0.00203906723045253
