"","GEL-Liver_common_SBS5_a","GEL-Liver_common_SBS4","GEL-Liver_common_SBS92","GEL-Liver_common_SBS5_b","GEL-Liver_common_SBS110","GEL-Liver_rare_SBS102","GEL-Liver_rare_SBS18"
"A[C>A]A",0.0211316495975426,0.0350395895349629,0.0196493301690692,0.0256666873768388,0.0153977804512456,7.06465429156661e-33,0.022005001149201
"A[C>A]C",0.00936867151950216,0.0270435361627147,0.0080786329603965,0.0130154043216962,0.0143051111454785,0.00619137018523742,0.0029172282145276
"A[C>A]G",0.00168926041952601,0.00678483992564001,0.00342678569155384,0.00484872262373229,0.00205315177598921,2.67851337859449e-47,7.19666221112833e-14
"A[C>A]T",0.0023143021127112,0.0318721107134051,0.00829901344461315,0.0100256233254109,0.00565806586531389,0.00338523327137697,0.0270586025130317
"C[C>A]A",0.01269145920679,0.050358794897017,0.00835945100355754,0.0245667054860776,0.00886770057398791,4.58002513415209e-09,0.000201891787694086
"C[C>A]C",0.00748988710919778,0.0493771836607295,0.0110951279290008,0.0172142150836623,0.0153569509114889,0.000119129662176938,9.9711919330556e-11
"C[C>A]G",0.000216170095909583,0.00675393193678341,0.000950301875712373,0.0084042851667769,0.0050798574339743,3.27623184564214e-09,6.30292269890118e-08
"C[C>A]T",0.00318463181228311,0.0458501075903166,0.00680142409073411,0.011115956259721,0.0114539899990761,0.00723984873921208,0.0119652493769119
"G[C>A]A",0.0130477229461021,0.0217846341550743,0.00979376579576438,0.0118876696384739,0.0136643677060109,6.11745106169272e-27,0.0442943787779937
"G[C>A]C",0.00618647876691291,0.0278116784660414,0.00710753737499406,0.0188132134342234,0.0143603075295976,2.02238935506532e-11,1.98967923073277e-07
"G[C>A]G",0.00186164875562584,0.0042330099562485,0.00092548610674473,0.0104485032808104,0.00259797711281323,6.59430543647688e-12,3.51006702942422e-14
"G[C>A]T",0.00379466861251029,0.0192403690117617,0.00291904440507562,0.0127677697885144,0.00833341137563858,0.0032341207294301,0.033795744009569
"T[C>A]A",0.0197169120097884,0.0355551426921258,0.0131796494136676,0.00734336126689985,0.0210429702215926,1.40189388805866e-27,0.0475856680743623
"T[C>A]C",0.0196855715150345,0.0394845050888429,0.0107044571010238,0.0098987902628115,0.0262992260516189,3.52023640194616e-19,0.023745338637296
"T[C>A]G",0.00361401076386086,0.00246860287781632,0.000900184069180874,0.00222727658258054,0.00413998630348826,3.72791683952724e-26,0.00338624639577379
"T[C>A]T",0.0198595550914655,0.0414300212618365,0.01529697223076,0.00904611825608082,0.021017025081306,6.36428505627121e-07,0.0974846082746937
"A[C>G]A",0.00418965326975318,0.00911499246411589,0.00285920160566127,0.00701962273507455,0.00453315944296442,0.00672119937486206,0.0372862080434374
"A[C>G]C",0.0069111123168434,0.00427692361718508,0.00190692040960507,0.00441494611152184,0.00192688205490261,0.00616937213338966,0.0193766038699848
"A[C>G]G",0.00133103879019984,0.00175790291369964,0.000476245447336062,0.00231378905798529,0.000730021567806686,0.00157223905738422,0.00524150505913453
"A[C>G]T",0.00858417518811962,0.00697900063686489,0.00654853690263125,0.0116778096594523,0.00219736048484534,0.0104391742993086,0.0189263721268393
"C[C>G]A",0.00420397759003479,0.00586476757018737,0.00398569115193292,0.0107677934784412,0.00178576967947182,0.00516207365113381,0.00784396464290862
"C[C>G]C",0.00614036590199211,0.00699167263953088,0.00580911465081322,0.00833796784222194,0.00303283997706082,2.74431509923677e-10,0.00598716737909901
"C[C>G]G",0.00333388101105678,0.00153744940061551,0.00182745130204322,0.00361121428680909,6.34197795987451e-21,5.88680436423508e-09,0.00667291952237822
"C[C>G]T",0.0067419695610408,0.00667199356244854,0.00726392544377647,0.0102758997471397,0.00302211650476981,0.00467077067211624,0.0169478815743677
"G[C>G]A",0.00288131357386874,0.00510040580594274,0.00306918792158758,0.00860883075540421,8.15273579056102e-18,0.00264829684023337,0.00448385990768061
"G[C>G]C",9.16384569041275e-05,0.00480112300599589,0.00440218739670419,0.00690726733476749,0.00272573462977924,0.00600140696937587,0.012457021098251
"G[C>G]G",9.17457760257167e-05,0.00101872980221866,7.89756124125449e-19,0.00174456979987339,0.000968294043079459,0.0011029840288177,0.00304569499007822
"G[C>G]T",0.00517599704443157,0.0041826196738618,0.00184276506465129,0.00603466777911572,0.000302733203457192,0.0089737972583046,0.0114327071479826
"T[C>G]A",0.00994530861347844,0.00910975416099427,0.00864943636487821,0.00756758209894996,0.0047518250124502,2.270660287773e-06,0.003009572038842
"T[C>G]C",0.00851083111631979,0.00837663298026057,0.00578920870137385,0.0107467951494999,0.00642898765509425,0.00687454521625828,0.011499160452258
"T[C>G]G",0.00133164693490066,0.000768385436195916,5.20425528192739e-21,0.00198437520828894,0.00106065624649453,0.000254817185840019,0.00278197624576633
"T[C>G]T",0.00933741967856349,0.0155387507056966,0.0138299748574719,0.0190051146277731,0.00915540994820743,0.0133187326750831,0.027508060224561
"A[C>T]A",0.0340557855373356,0.0184875539513187,0.00810717432868343,0.017982769677728,0.0205512963995801,0.014060239223391,0.0328336256640478
"A[C>T]C",0.0142733946089763,0.0129862112044964,0.00256927718825347,0.00902893327297336,0.0152668242232095,0.0109597519088147,0.0199298139476552
"A[C>T]G",0.0241133407417839,0.00205216255568013,0.00731776760078694,0.0271377782103429,0.0066003804385896,0.00688835342899273,0.00382518269063439
"A[C>T]T",0.0181149811244266,0.012193242039571,0.00422316700213186,0.0161064651729357,0.0107757749651919,0.024200919186585,0.0203849303700101
"C[C>T]A",0.0294894373351991,0.0254370806929442,0.00961283317430678,0.0132303185897963,0.0234274621190774,0.0433878779791177,3.44654168378966e-06
"C[C>T]C",0.0247606854405224,0.0203568940208783,0.00580345769516564,0.00939514913188334,0.0221119431782332,0.0184028374788157,0.0219578378912364
"C[C>T]G",0.012340669523476,0.0014609251969853,0.0011833517240705,0.0191805781543442,0.00631714959557654,0.0111815255341785,0.0312205994335604
"C[C>T]T",0.0253008357428889,0.0211846402327017,0.00972953177779785,0.0203128266931165,0.0218369425458269,0.0629512059721495,0.00796389093546405
"G[C>T]A",0.0277274643272129,0.0100472123378065,0.00589372919388076,0.0175530586359638,0.0205733364972429,0.017984093506172,0.0195409019013063
"G[C>T]C",0.0154566969678022,0.00977329718719859,0.00725071780212679,0.0168044124196907,0.0198898545743232,0.00549071702969876,0.00781698670606852
"G[C>T]G",0.016680251454411,3.07062833028954e-07,0.0036013111288142,0.0268685712466818,0.00512612944430455,0.000941027084905437,0.00119217720521051
"G[C>T]T",0.0211636792411964,0.00808541723019826,0.00788907136589068,0.0184899797561449,0.0184088272749533,0.0190895312402062,0.0111273893113695
"T[C>T]A",0.0376791888874567,0.0331420073032247,0.0108655095394106,0.00790595043143865,0.026640859683492,0.0191430256768822,5.67154307382889e-10
"T[C>T]C",0.0282828522810247,0.0291589472540052,0.00432067705220983,0.0136735407747552,0.0170431791196521,0.00808072342887044,0.00497251950151969
"T[C>T]G",0.0114372762919018,0.00256427066744346,0.00347304777781092,0.00696839435568872,0.00881300411202545,0.00235954386528075,0.0176071022708148
"T[C>T]T",0.0338178381171674,0.0224194122253953,0.0127660392058297,0.0195096378725024,0.0274084869870678,0.0316878648734575,3.36973457725933e-06
"A[T>A]A",0.0124103907039694,0.0137846755986121,0.0180067338694338,0.0101670688138475,0.0098856979210271,0.00625077574902658,2.42647257831773e-07
"A[T>A]C",0.0119066490566035,0.00530376372079932,0.00857710220405157,0.00924598677390099,0.00277771258323704,1.90104574314225e-33,1.08121769974419e-10
"A[T>A]G",0.00776576749701581,0.00845911785551952,0.0173750080697822,0.0086753961297867,0.00611339462660174,0.00262570235032093,1.29338991174611e-05
"A[T>A]T",0.0144301067658972,0.00830380326953936,0.0147529434425651,0.00914264577294026,0.00986847362471776,0.00738834012309087,0.00552231226011407
"C[T>A]A",0.00708818635904534,0.00309210810478415,0.0119578024479973,0.0025084426911895,0.0361920017599794,0.00273317139753771,4.95521526972138e-05
"C[T>A]C",0.0028266737946551,0.0105121428697306,0.0207414915613169,0.00439322836229438,0.0143197943866019,1.58464635391734e-15,0.000168050491771492
"C[T>A]G",2.33785645955282e-12,0.0122250902470456,0.0277988716198998,9.62758953401837e-10,0.0480400146966599,0.000211407672780438,0.00770208558065383
"C[T>A]T",0.00831480871055458,0.00474696971258489,0.00894816534024898,0.0101327586134703,0.0455331694710722,0.00672000469642777,0.00172260262590967
"G[T>A]A",0.00386133534693256,0.00461179960320394,0.00663960769269546,7.35102669759148e-05,0.00720430872187591,0.0035298067680851,0.00383185535872729
"G[T>A]C",0.0057493312015005,0.00332671412070704,0.00387201377579993,0.000817198280080089,0.00358799656640846,6.598868881814e-26,0.000548625608892869
"G[T>A]G",0.00421633605093248,0.00539893327231485,0.00999106864306476,0.00459432654393351,0.00935217945073829,1.66232948928928e-08,1.67706525121908e-08
"G[T>A]T",0.00175766669046991,0.00707066024061158,0.00556587077249883,0.00595344933515279,0.00494204524946817,0.00142763167521231,0.00596118085773598
"T[T>A]A",0.00878947318938991,0.0108418786036344,0.024674828375183,0.00631258922207843,0.012205408600761,0.0188704202498725,0.0155530115574651
"T[T>A]C",0.00870555351741744,0.0051620671251594,0.00982751188948771,0.00116903959340212,0.00498866472997456,1.62408144960112e-05,0.00633702138331766
"T[T>A]G",1.3523525331156e-06,0.00603445270382802,0.0152614282719761,0.00484221273450107,0.012281078919022,2.62247101867429e-12,0.00557377524388023
"T[T>A]T",0.00900320286692799,0.00797682701202007,0.0072623946741782,0.0134947237945351,0.0142701879558474,0.0108139267630322,0.0081166953562001
"A[T>C]A",0.0207728086547237,0.0080858074136212,0.0632356088431192,0.0390940349106767,0.0281210010028959,0.0410062790881198,8.04888498969957e-05
"A[T>C]C",0.00931541423343092,0.00274579697117781,0.0104172005793518,0.0103896892003443,0.00644925838182681,0.0128130350625559,0.00767049126436903
"A[T>C]G",0.0240973228182368,0.00628478762311902,0.0495856779880696,0.0209122700747144,0.021428172483225,0.03098172709583,0.000168673153973232
"A[T>C]T",0.0277058008831024,0.0062533734734002,0.0298396822871701,0.032207023476934,0.0163924258737155,0.0388422508962977,1.44742807097364e-05
"C[T>C]A",0.00490445278555829,0.00468650470920791,0.018363370230466,0.0133164993926583,0.0138694438847623,0.0266741703427264,0.0239083050467313
"C[T>C]C",0.00817421884469226,0.00523578835734621,0.0189510013547218,0.00459202036649674,0.00878202552123088,0.0136097879278498,0.0123160497549445
"C[T>C]G",0.00803528002233481,0.00453546555368671,0.0197374220452714,0.0147811822931449,0.0135145709436415,0.0211123162392801,0.00984787988931739
"C[T>C]T",0.0119689536211426,0.00349624276116934,0.0142639103386204,0.0101447468686754,0.0104289438729424,0.0355141000178273,0.021456266187628
"G[T>C]A",0.0138285703763667,0.00990612076581928,0.0240364518802889,0.0208819777429822,0.00834041662723165,0.0375239570538546,1.08165558740333e-06
"G[T>C]C",0.0108615109574187,0.00223069232525444,0.0102945688148491,0.0052041614987227,0.00523512538318756,0.017132602082555,0.000237451714807178
"G[T>C]G",0.00947845512115935,0.0043420667086455,0.0148101479964542,0.0154730808958191,0.00656986537963913,0.0240432597075024,0.00171847919213018
"G[T>C]T",0.0194566716210966,0.00835383988942231,0.0216043144693561,0.0187346765578709,0.00769280653613497,0.063925599814057,2.06107124706902e-07
"T[T>C]A",0.0205682252328079,0.00868223933918997,0.0328009544802659,0.0119799766950097,0.0172701557541855,0.0250063344699679,0.0204620758499514
"T[T>C]C",0.00795227244246352,0.00410517048740938,0.0132910745194079,0.00740071683259994,0.00681675805175869,0.0262030635134668,0.0167834808769285
"T[T>C]G",0.00883627388758279,0.00164453090328268,0.0234826443787957,0.0102452809396274,0.00654278876812125,0.0134925945424725,0.00212130746800295
"T[T>C]T",0.0182221558079357,0.00687668602581728,0.0171694660750563,0.0147988765944019,0.016478976319497,0.0706932672053361,0.00433470826658236
"A[T>G]A",0.00464307336558543,0.00393623867725668,0.00486846407616948,0.00655570661432498,0.00567801291451585,0.00341733718563171,1.90869420611309e-07
"A[T>G]C",0.00207224537895015,0.000403835117529412,0.00315724764820596,0.0025875372034923,0.00284588378821821,5.80583835219592e-10,0.00559222218960184
"A[T>G]G",0.00250737077818819,0.00280283432359533,0.00680947988405029,0.00467840259281645,0.00258531837253489,0.00347732395934269,0.00291221123632884
"A[T>G]T",0.00646353323520379,0.000934928932016624,0.00785323972869603,0.00408809179687065,0.0031632588513908,0.00392205196509272,0.00989617770800756
"C[T>G]A",0.0030139615262066,0.00130758465615359,0.00497228301421047,0.00376146832729582,0.00409466606965452,0.00509053276446324,5.41881418803591e-05
"C[T>G]C",0.00636526934870257,5.10102149870736e-21,0.00407025872180324,0.00909655494042912,0.00566384638751787,0.000149464301456272,5.47622308276082e-06
"C[T>G]G",0.00487018133363421,0.00176781092162811,0.00697369175588523,0.0016761772312954,0.0112451552770036,0.0082297178795007,0.00877478497123042
"C[T>G]T",0.00521065378099253,0.00189494793714504,0.0157579738370654,0.00812753625586152,0.00731768164656672,0.00718462164118647,0.0196644203629443
"G[T>G]A",0.00235466329295589,0.000490751633080166,0.00131991766822063,0.00180089809100173,0.00162676649317274,0.00157778884072655,0.00497774665963407
"G[T>G]C",3.52455254431019e-05,0.000362946655988436,0.00251479262880999,0.00514273056973327,0.00160961410039059,8.31729618400617e-20,4.25219659328822e-08
"G[T>G]G",0.00271317093635695,0.00179491960550002,0.00439659256692758,0.00524773492521245,0.00260359050624302,0.00137399870443371,0.00168838658454975
"G[T>G]T",0.00214181903488415,0.0012743888800872,0.00523296260054427,0.00274478470588153,0.00203868773648748,7.31091590114286e-05,0.0174078453836245
"T[T>G]A",0.00338015072854828,0.00447174693445986,0.00765079719497143,0.00294654696628887,0.00222823721085562,0.00591487156936508,0.0127320678419688
"T[T>G]C",0.00601594585319283,0.0023697708915581,0.00343249632488684,0.00384860345039414,0.0013783870643771,0.00253368709872382,0.00367921100689476
"T[T>G]G",0.00478012647072998,0.00168145414171767,0.00878441321065636,0.00516746520271168,0.00267767970952167,0.0028844378095199,0.00504964787523743
"T[T>G]T",0.0130783152131117,0.00366097985480788,0.0187153757679677,0.0123940566722481,0.00470722867620962,0.00411799609529792,0.016023330658522
