"","GEL-Lung_common_SBS4_a","GEL-Lung_common_SBS2","GEL-Lung_common_SBS3+8","GEL-Lung_common_SBS92","GEL-Lung_common_SBS17","GEL-Lung_common_SBS13","GEL-Lung_common_SBS1+5","GEL-Lung_common_SBS4_b","GEL-Lung_rare_SBS5","GEL-Lung_rare_SBS44","GEL-Lung_rare_SBS148","GEL-Lung_rare_SBS18","GEL-Lung_rare_SBS1+18","GEL-Lung_rare_SBS31","GEL-Lung_rare_SBS33","GEL-Lung_rare_SBS113","GEL-Lung_rare_SBS7a","GEL-Lung_rare_SBS3","GEL-Lung_rare_SBS7a+38","GEL-Lung_rare_SBS144"
"A[C>A]A",0.0282528863979171,0.00644751923731323,0.0284751297998843,0.0237026951244482,0.0240837961187603,0.00248800010715277,0.0137636438284924,0.0856147145978318,0.0179939073634821,0.00101713179593271,0.0076749153389189,0.0341088122772065,0.015985141363618,0.00448560275883567,3.4288509593785e-10,0.00924756989336473,0.00175761666211942,0.00951277461482254,0.00752302421576157,0.0100124174314383
"A[C>A]C",0.0265387203791058,0.00402056897055586,0.0165419052793964,0.00815205873885124,0.0124693193114577,0.00200439980656331,0.0140183386170653,0.0392833925365178,0.0154910976374822,2.64384207681127e-44,0.03074538149123,0.00666369369072682,0.00471434580843671,0.0339120589262498,6.11026610067048e-06,0.0112355931986587,9.70379704751579e-46,0.0111273244817956,0.00166794808371536,0.0109645216479062
"A[C>A]G",0.0141070295059578,0.00179040289060516,0.00272002795948901,0.00672243996259663,0.00207383066779744,0.000845991920769881,0.000468012988920469,0.0137868809997215,0.00201631559881388,2.95685095405065e-19,0.00536245075015282,0.00159163928787319,2.68641014923715e-88,3.92800367482794e-28,7.02194723071549e-06,0.00078994635073629,5.97499833590549e-10,0.00143125493196041,1.39846517787375e-160,0.0016567634866218
"A[C>A]T",0.0182374662627169,0.00341410500819455,0.020365468795729,0.00768605223292366,0.0170898951842808,0.00222968968917465,0.00802906719199958,0.0630237661096009,0.0137199850089671,0.00432953697361259,3.14186816056215e-05,0.0112524874490885,0.00288734152553194,0.011382713512245,0.000789769813943913,0.00486061568569013,0.000398587096934281,0.014511794954689,2.05858682071327e-15,0.00977668564343935
"C[C>A]A",0.070348539991376,0.00575012536138705,0.020575170118561,0.0202908819897298,0.0185218703325574,0.00594138206343078,3.78485942768555e-08,0.083402147233132,0.00800414166425314,0.012714817978114,0.0215156767564114,0.0423474636775087,0.00942815621627067,0.0348375945764449,0.00039420820525804,0.00868215468815411,0.00180144321387771,0.0125388140077423,0.185932973703039,0.0120643924340969
"C[C>A]C",0.0759900186624879,0.00388197159081633,0.0193595933842629,0.00651735960704323,0.00959485123433132,0.00516950226638145,6.37097420024931e-14,0.0575907160416203,0.00727266554560054,0.018599592620458,0.022682537003703,2.83427819874497e-09,2.91830389551736e-08,0.0276524383257666,4.18530171786422e-09,0.0139431265361716,0.00116183725850594,0.014661459985195,0.0175232419682305,0.0260517462302215
"C[C>A]G",0.0230902036103834,0.00174259076015914,0.000101768782089605,0.00355959600790259,0.0016755389558625,0.0010152442085464,0.00110076396543262,0.00884538849609616,0.00082317550965257,0.00310361854469905,0.006513658176203,0.00547324890633458,1.5559323002396e-17,0.000803802822324753,8.19701329928553e-16,0.00159191118134521,0.000413027347932217,0.00243048065193227,0.0165921851090372,1.87641908517072e-36
"C[C>A]T",0.0562512425733202,0.00814261514125646,0.0191640550857632,0.00491248994468827,0.017659822819437,0.00394825266419381,0.00272048425032637,0.0752477094902955,0.00588128753397081,0.0533259085715547,1.01111445283195e-09,0.0226592292578635,0.0148759506213137,0.107962268439742,0.000650944694062437,0.0102452187290091,0.00442125802797804,0.0124849723162076,0.046287991043181,0.0442450830705477
"G[C>A]A",0.0252575950175787,0.00400263778976984,0.0138579322254346,0.0149181387474468,0.014310491370176,0.00250012571730003,0.018629629523268,0.0515039856814891,7.85989653280627e-51,5.31249047220699e-44,0.00559337433652301,0.126477157828266,0.0253720696212878,0.00725322432235249,4.38763855951618e-16,0.00259507210375858,0.000379738605117786,0.00206552935611173,0.00833180038877742,0.00418249212193395
"G[C>A]C",0.0332643498809947,0.0019926555035572,0.00741457285453738,0.0120257798739863,0.00607103743598016,0.00291810374710815,0.00683153742157139,0.0304633132889491,0.00590359625880195,0.00240734098940314,0.0292992931208882,0.0196378268567014,6.33779481378965e-11,0.0304895152746112,3.32472110466828e-10,0.00757753059314825,7.69090355439242e-05,0.00527002098432742,0.000573526622964045,0.0326611379306132
"G[C>A]G",0.014714294029834,0.00116404967952286,6.72361445506218e-09,0.00588314693789619,5.55654993682406e-09,0.000455688942074798,0.00193361489123785,0.00555494613065767,0.000977542565127626,0.000397687473905255,0.00430786361552188,0.00641788987037104,0.000836894695284106,0.000952687613036083,5.89921512782686e-17,0.00180909117067278,0.000130470759612788,1.19387860118149e-93,2.36539875106324e-102,0.00241371007093207
"G[C>A]T",0.014575940894865,0.00231892076908628,0.010380300657259,0.00686145750173072,0.0110612681834011,0.00211648536185354,0.0129883568368243,0.0388834291310867,0.00166847608997508,0.00839396214495189,0.00986844020178635,0.0736289797323393,0.0127873775785266,0.00750066022339985,3.30813435952666e-09,0.00310160210239484,2.09515004819642e-99,0.00848579363090476,0.00202380528452343,0.00609077960353815
"T[C>A]A",0.0315880536481572,0.0231637563927506,0.0246683494792699,0.0132065816492727,0.0126978563994972,0.0248190038801929,0.0148842134265934,0.0637649545555598,6.48169677110897e-07,1.00088869226774e-15,0.0485362787167511,0.115340725179911,0.0299119394557943,3.53598024371046e-12,9.68300568904618e-07,0.00374857449426211,0.0016040826379168,2.08388697968554e-09,0.0138259361409686,1.47448192655862e-18
"T[C>A]C",0.0458856141023155,0.0117895318086321,0.0230382832256377,0.0143175217343657,0.00970823193474508,0.012380350999401,0.0100582285825839,0.0530261136389384,0.00709208946097871,0.00279481972198027,0.0267768881748882,0.0535605935652173,0.00731954580562964,0.0119488849924107,2.14462289857272e-05,0.00959054612796867,0.00265317758716068,0.00880599961122352,0.00572105738377976,0.0100828342933509
"T[C>A]G",0.00931505598838326,0.00213495802014743,0.000849943196477576,0.00440453897245167,0.000728756062357097,0.00238178833778042,0.00250044783374331,0.00561872827616922,1.85008804701834e-74,8.50166581641488e-32,0.0116374075402837,0.0127709830846754,0.0023316839178546,9.99991600787175e-07,6.69644809795868e-06,1.32236022347947e-42,0.000246988205534641,3.6980623784158e-103,0.000477019758100844,0.00152952610203474
"T[C>A]T",0.0318618698665763,0.0194552356717733,0.034364922899332,0.00588747191948854,0.0204176292238594,0.0133910649365432,0.0307981531745797,0.0735255384305657,5.62292761039234e-41,0.0130095726837112,2.46339708377859e-05,0.206387470244229,0.0567442262359616,0.0135154526627313,0.00619060487318469,5.34661161000055e-30,0.00201861169736761,0.00545444420907393,0.0144622929575211,4.60481888105093e-06
"A[C>G]A",0.00720165631127229,0.00022759565871462,0.0127687829195693,0.0176256901854958,0.00913484838344596,0.00587141398692656,0.00156022229073499,0.0137805743142772,0.00500778442777434,0.00243311435415507,0.014749174320284,1.53713606408049e-75,0.00126797468984733,0.000453811486928679,0.00352442144423003,2.43098510939788e-43,1.0718290498784e-48,0.0239534189630494,0.0048918211914975,4.11829321261827e-14
"A[C>G]C",0.00450685700773182,3.27066969173073e-05,0.00664891452935987,0.00663964781349525,0.00314462275341909,0.00205826197427991,0.00501584718032615,0.00317249313675648,0.00471859953353036,3.99480395074526e-84,0.0214321692085307,0.00231374674218715,0.00105485888298349,0.00238810734383144,0.00306581572505851,0.00674886144448572,4.52029048075097e-05,0.0135132189417535,0.0017863377345585,0.00241450546109682
"A[C>G]G",0.00271295848659908,2.82244181476382e-22,0.00328127369995111,0.00405656833704578,0.00208082055121488,0.000895088974494225,0.000243230719761014,0.000890968396588759,0.000591053574979272,0.000147774952281938,0.00151408451543065,0.000173859288837918,0.000673544869261145,0.000366063098363723,0.00283385770129213,8.54945271717206e-30,0.000192389275652509,0.00642861852781464,0.00117082919031555,4.07922075180929e-35
"A[C>G]T",0.00240780921176041,3.02752315760636e-09,0.013825337647366,0.0121928952963646,0.00854686664173622,0.00622776502893644,0.00565415942587675,0.00930899361268466,0.00478289344280412,0.000961793115035297,0.0237609397848361,0.00112734812068207,0.00215687575663782,0.00483808583654909,0.000813429847207607,9.08183965722034e-22,0.000195511422938096,0.0246383821670929,0.00369168691596754,2.4007966197961e-19
"C[C>G]A",0.0110929783123729,3.35788713864545e-07,0.00844030876350444,0.0113823482635284,0.00500440658069029,0.00675644781782351,0.00121053885057336,0.00562602800629169,0.00360540557010924,0.000154016465757953,0.00739993516649163,0.00178674508888042,4.84869114219812e-12,0.0022104858626255,0.00527488721942418,0.002736924907735,2.20130839102397e-18,0.0182156653408878,0.00381052010995899,0.00566790563069854
"C[C>G]C",0.0109439685591009,0.00044494804799511,0.00843660038063618,0.00821090429907877,0.00387633455920438,0.00240675435213105,0.00236027918449994,0.00210554379294092,0.00503039801606035,3.2300938963485e-10,0.00600162965988209,0.00264591057794829,3.41467614275181e-50,3.53875224332798e-26,0.000335698651772724,0.00145122082397696,0.000324584401355622,0.0132401119166626,0.00165084553561294,0.00392482481653363
"C[C>G]G",0.00500317602208997,3.07826304669734e-09,0.00278060091145132,0.00385553584747019,0.00154675473994675,0.000846340826811059,0.000672090176751391,3.55574748109535e-09,1.05451756067137e-39,7.76174435769284e-05,0.00279526582330909,0.000375343630948419,0.000357042554550981,0.000613137483159482,0.00694157802044662,2.68043677407063e-11,0.000189956456590356,0.00666885864248125,0.000834634795071435,5.38114487400493e-19
"C[C>G]T",0.00854586002903142,0.000123712025167251,0.0125995359349637,0.0105025642314824,0.00674042702982606,0.00739955828962479,0.00573701841425392,0.00566931426375289,0.00870351773415138,3.83612369481735e-118,0.00951918090007881,0.000740146771775953,2.26142167198237e-89,0.00526890371366194,0.00116778909634033,0.00415479426448127,0.000593860609046859,0.0267337077528796,0.00449540686108571,0.0087716230137357
"G[C>G]A",0.0057665962264691,9.28404841923003e-05,0.00520849251191226,0.00896082773307564,0.00452504559584633,0.00244081655757007,0.000215912779365771,0.00711423519280113,0.00251440267473065,0.000758021074518729,0.00283963613297967,6.1461821650346e-72,6.65333734438099e-08,0.00321258066079597,0.00162350119186653,0.00196118122191615,4.69894135419848e-52,0.0104263783157557,0.00120521024197468,0.00812766238150762
"G[C>G]C",0.00778705909172833,1.80281368002403e-09,0.00526491901055464,0.00611736513977952,0.00259221909365813,0.00183294782135015,0.00314034711135107,0.00251243759423944,0.00309239512131952,0.00115653605571726,0.0343261426432656,0.000515102284973291,0.00143320935225419,0.0125556758560484,0.00737364767182116,0.00373550075838486,1.13355515296415e-22,0.0100552074022506,0.00151446729078669,0.0140530717856464
"G[C>G]G",0.00420827301995217,2.17857734414489e-07,0.00122200717304372,0.00266120876450571,0.000948668633120403,0.000464424039405665,7.51797501949873e-13,0.00049987674996684,0.000849622551762693,0.000260102708740098,0.00118980619529602,0.000620260249483458,5.40207205025029e-11,0.000143444243500464,0.00104488147362252,0.000639112853647112,0.000108014393625945,0.00368975996653694,0.000222458154849241,0.00172623089455799
"G[C>G]T",0.00308946491041854,2.37282830790213e-09,0.00675139829915788,0.0061363883200135,0.00485783870989228,0.00392476772392499,0.00395879456329839,0.00555158104307592,0.0042625358735433,2.96092733757132e-12,0.0139920184662984,0.000814567275302759,1.61754156287177e-69,0.00528283584672239,0.00355883360202711,0.00253007682788378,1.0549449425408e-12,0.0147504679310154,0.00130663346260109,0.00544412709745064
"T[C>G]A",0.00430419255409106,0.041296803335266,3.83280237881277e-05,0.00439108919181806,0.00382543082054274,0.241569992838105,0.000415678836309037,0.00399218026372459,0.00156072288169152,0.00234526014612005,1.51986884254085e-05,0.00340811795816152,0.00258422722248696,0.00310363034304824,0.000374203122344131,0.0131527314394667,3.86882593858971e-156,0.0280343318271054,0.00869137021717781,0.00442845446861019
"T[C>G]C",0.0092417779445148,0.0050405375903081,0.0108321437571528,0.00942597759776336,0.00481572329624574,0.0509218448060469,0.00479621837017742,0.00247309167132643,0.00662802171596621,3.30959358837646e-31,0.00478347792259935,0.00378635545025952,1.53323233433161e-57,1.1558101699773e-10,2.58386156330598e-07,0.0134711769144387,0.000548236811524867,0.0370019769467385,0.00454034454301682,0.000137491089250612
"T[C>G]G",0.00272313093762893,0.000193807165678926,0.000803281823796035,0.0022202716908815,0.00101656591601847,0.0121615396860983,0.000174566141021938,8.62098410405919e-06,0.00141872853005758,0.00020851036180697,6.71941325285554e-06,3.77093324517383e-11,0.000751360131721412,0.00167246230612142,4.94306351318308e-11,4.89886366187447e-73,0.000216556570127935,0.00447681191145788,0.000432398834124934,0.00292816146056711
"T[C>G]T",0.00243968868730162,0.0568863345105605,0.014966001179897,0.00839912093919325,0.0091083566084163,0.263822527623999,0.010396351051077,0.00618359153172254,0.0101181329301592,0.00164957735124685,0.0305576685245267,0.00499041590466664,0.00533955947691795,0.00385791150553883,0.0224408774723011,0.0168691710124622,6.07086445493971e-74,0.0643434262540238,0.0143264384646888,0.00652635120800435
"A[C>T]A",0.0109965718567793,0.0142381175601169,0.0199980113788586,0.0210127339943509,0.0115091888445827,0.000555150713998834,0.0232343426028864,0.0124259688072274,0.0342208983646756,0.055377007618111,8.89898119265982e-06,0.00240381463849923,0.0153582672498969,2.14037412097293e-34,0.00160469515045818,0.0200663316225719,0.000432572494180062,0.0149843207050436,0.00466985607043341,5.86068335541928e-15
"A[C>T]C",0.00719384070781915,0.00512162958363665,0.00808736296268092,0.00822491220518745,0.00374870250518163,0.000160082398703106,0.0153104710089243,0.00261239165470304,0.0175251567123609,0.0117434718195709,0.0128825511341165,0.00165499746036508,0.00503439993387242,5.49929035769277e-19,3.54558636583115e-06,0.00343249471633177,0.0198002817865793,0.00536512058477636,0.011685302536867,0.00261012615418216
"A[C>T]G",0.00132843135786345,0.0015417268809327,0.00252393793603003,0.00166629206787529,0.00490390085962662,0.00259775445113301,0.0812950096134953,0.0022741819201919,0.0505226680184648,0.0319156971855202,3.08750740462552e-05,0.01296181298566,0.157602130773315,0.00640440641465799,0.086531795027615,0.0130509094796967,7.3471318215236e-11,0.00386873901809606,1.25976528276141e-11,0.0225231413333947
"A[C>T]T",0.00567437508302551,0.00659008786078129,0.0151198595098356,0.0107956589902526,0.00857414801482904,0.000311385358434411,0.0192863769676142,0.00766061729771833,0.0186975797118512,0.0128539572829546,0.000722993151845305,0.00399084697843957,0.0136012497417901,1.96662586419988e-13,4.53340756281358e-07,0.00453716065978668,0.00830316884532194,0.0169751369633478,0.00684605773514423,0.00484267120814295
"C[C>T]A",0.0200013981029215,0.0211359931535597,0.0130824398352359,0.0202017269537199,0.00722135801652404,0.00269455232933812,0.021001525660889,0.0108423186678462,0.0224778653974219,0.00414632335042673,0.00391108421311,3.04407799500588e-10,0.00575821684113115,0.0148468234264586,1.29550274143272e-05,0.00681830118814437,0.0657046599378539,0.0047197887397146,0.0335155923148184,4.08125519212165e-05
"C[C>T]C",0.0175966390763369,0.010777920109036,0.0148477761987906,0.0126965529643954,0.00403579830225634,3.11833812238103e-06,0.020844636386857,0.00430060188485847,0.015927268151334,0.0084337696402494,0.001788134344413,1.38737354561146e-32,0.00957579321929331,0.143036251383536,3.84563326848929e-07,0.00673651258162864,0.106797013269549,0.00215972344925785,0.040747265836765,0.0228673148148931
"C[C>T]G",0.00579698128400855,0.00227628045732801,1.65062077426969e-05,0.00370826080562441,0.00274671599488918,0.00318935082426615,0.0470261975516212,0.000242929345848779,0.0230295594103005,0.0210667565181857,3.13602426951476e-05,0.0105553071056983,0.0833586590607626,0.00555470331087127,0.0467818913469752,0.000486141324230222,0.0120452722583941,0.00301695340706147,0.00430350167646163,0.000211663451078698
"C[C>T]T",0.0207745841578143,0.0151676523859184,0.0188673192313334,0.0202431327638755,0.00885300220763238,0.000925764309401304,0.0199919063090037,0.012881636309167,0.0256547291834598,0.00800991789488029,0.00428599062017726,2.2477609482485e-12,0.0169294634543287,0.124200740307492,1.91562340929426e-09,0.00215218710582381,0.0975650008108609,0.016823643985243,0.0346381994623762,0.0270466230502648
"G[C>T]A",0.00578666821036943,0.00948643476848397,0.0123124923021728,0.018801864886345,0.00498284176561084,0.00158928175668868,0.0252632600103376,0.00396029672798644,0.0204265200247275,0.0434186326400481,0.00647140169098318,0.00438003794490798,0.005042945911137,0.0061165748507988,5.47271063215865e-07,0.00687417215587994,3.12375010365616e-43,0.00343362007188671,0.00285118800101217,1.03171191842429e-05
"G[C>T]C",0.0069615899797708,0.00508061666324861,0.00702825433265315,0.0112681378653941,0.00280248754833157,0.000558364021075843,0.0255792844322759,0.00046813025464386,0.0195962070413552,0.0471349798767708,0.00879981836839207,0.00655849955141682,0.00839699483663765,0.0112232489736854,0.00040600375093071,0.00596649305313625,0.0116576685391514,0.00202636201864824,0.00786910840276811,0.00225412066575103
"G[C>T]G",0.00270821804348244,0.00113537020739706,4.61905456892659e-07,0.00233399178415909,0.00258234041301258,0.00213000499237362,0.0607861918287138,1.87861736842438e-05,0.0263819325114349,0.0724643625137658,0.010288977980475,0.0155882081890904,0.105722289018929,0.0033116810629427,0.0497999776594118,0.00251449378090814,2.41489449340264e-64,0.000512855470023583,3.22130583077832e-10,0.00103778141557414
"G[C>T]T",0.0048676472502158,0.00693340781022177,0.0104008034204001,0.0107645696243688,0.00560991755883385,0.000558499475063917,0.0221007819794517,0.00560751578585286,0.0209768854381126,0.0353013682599803,0.00373723933288746,0.00327986945265174,0.0108495553005798,0.00445010934023729,0.000324013984119387,0.00304903454020751,0.00847279950671244,0.0102796677964175,0.00727893579984553,0.00557716345370415
"T[C>T]A",0.0017660469441395,0.323923558042083,0.00283994683680759,8.22015365503325e-06,0.0062108049498375,0.151969031217164,0.0135131862725746,0.000301158201888314,0.00623639589736959,0.00664702812410767,0.00662192701448457,0.00215516945913171,0.00497339550519359,0.00404642252565678,0.0140007773094717,0.0108528022346538,0.113581417511665,1.49005231971469e-13,0.102112359646942,0.00674938248565842
"T[C>T]C",0.00798616502282023,0.0743011326669448,0.0153034513422764,0.00988671188333485,0.00880267794470226,0.0216005270072423,0.0294262320840398,0.00507526510496098,0.0230568641315112,0.00694464931165117,0.000261649948515132,0.00289310462859213,0.00547522538623439,0.00678421161366152,0.0215114022761226,0.0164221176077909,0.247233005023967,0.00849197357334865,0.158015142781361,0.00966905135387605
"T[C>T]G",0.00121412839017739,0.0257153099624789,3.5677343255932e-18,2.75802690002602e-12,0.00188138816946139,0.0178078790305991,0.0337569738581971,0.000148041133480666,0.0173648436687889,0.01120050993635,0.00512964281739707,0.00577231096525899,0.0642524235190244,0.00270203792224237,0.0453689160232084,0.000541408723838708,0.0410015610518004,4.98262447959695e-11,0.0281484604028149,0.00993701637126146
"T[C>T]T",0.00597257833220556,0.186363848583983,0.016023222338397,0.00712231382596115,0.0111405063263279,0.056506282024156,0.0214441355063132,0.00780848494794376,0.0118179266311119,0.00913633927380496,5.7673984359361e-05,0.00440732338079057,0.0137660075218421,0.0107334810701068,0.00656056413058469,0.000246221083983646,0.10857684248615,0.0126741978247255,0.0638329809844848,0.00902732640258576
"A[T>A]A",0.0106537985543222,0.0053157402621614,0.0213466331855053,0.0126244058073701,0.0066104959620977,8.18378559637617e-08,0.00751384553060946,0.00668636434947583,0.014988151631666,0.0117543602917356,0.0199662295030421,0.00134777796737515,0.00609862942418744,0.00242555490011628,0.000128424067946954,0.037887891788411,0.00417037399912613,9.71062990673115e-83,0.00401636099893046,0.0468449566149288
"A[T>A]C",0.00348414798764125,0.002897881034219,0.00858919001931351,0.0022108349329227,0.00403019246451357,3.74862942643921e-08,0.0120994534393845,0.00224156221579302,0.014841532910341,0.00740548660210331,0.00512115128943886,0.00132687000729682,3.47894030957159e-12,0.0108182001560181,0.00460483815201898,0.00865900455354495,0.000620511627196556,0.00423355878202311,0.00176050856354054,0.03284368003009
"A[T>A]G",0.015180232677431,0.00321806096001784,0.0147209878664431,0.00926144292440757,0.00455708446881604,0.000259524892116632,0.00692918829897951,0.00574498577211403,0.013591436165769,0.00105668244602104,3.0294006313168e-06,0.000376283610345903,5.663034251483e-11,0.0019505328489139,0.000483874839839275,0.0240184149955259,0.000934053295705208,0.00457718092848864,0.00184143988288355,0.0248459223200912
"A[T>A]T",0.00549334107277591,0.00434376240740275,0.0183543066261042,0.00529874650238138,0.00904302983864677,7.01643363070377e-05,0.0205248916793435,0.00306694820386558,0.0146677832299958,0.0264315696430946,9.60960883676462e-11,0.00853497916300802,0.0233580108750311,0.00516508026579466,0.00615355556940255,0.0254556747357593,0.0101322125523017,0.00644295067847359,0.0026274634098203,0.0737590499659202
"C[T>A]A",0.0183756663244158,0.0019940806829519,0.016898270010327,0.00757767335356352,0.00548813379782898,0.00127215837374899,3.84017297078059e-12,0.00685134485624182,0.00273605630745661,0.00252750236243474,0.00706888894547646,0.000554827653584934,0.00268667312163936,0.019473900433594,0.00361794958653976,0.0465989698977965,0.000725710769233354,0.00498220583115354,0.00136946419055113,0.0106727951878459
"C[T>A]C",0.0138658849079483,0.00147786651944914,0.0129362381078008,0.00221074264621856,0.00869048863480873,0.00132104788063289,0.00473782819646574,0.00223167229764725,0.00637277433282907,0.0043263679623554,3.94690114071226e-06,0.00296282376981883,0.00197292024901236,0.0221433868693269,0.000425046776835593,0.0152782149223657,0.0012724304247301,0.0103250274209827,0.00120536307172284,0.00241060226480039
"C[T>A]G",0.0401234810973523,0.00216760199817618,0.0186963286714115,0.010192762971482,0.004248242545216,0.00285339190339539,2.92889531820761e-15,0.00523993789900976,0.00830152967616256,0.00216346995170761,0.0142272326512506,0.0010635026408107,0.000984474446697359,0.0293637189168634,0.00135686172584204,0.0606010309737555,0.000262210274568136,0.00886897070476227,0.00219478615238241,0.00984689946209792
"C[T>A]T",0.0152605836877459,0.000999277918957258,0.0247138163042036,0.00539849648833365,0.0213633987415099,0.00173281806480604,0.00391072285440871,0.0041425376324453,0.00647285356594573,0.00243076877238063,2.04195214956107e-10,0.00341589725162741,0.00928944317075284,0.0481348491382487,0.00827894731289599,0.0499307600428315,0.00359921996158655,0.0165612837407956,0.00367500120595745,0.0155004892743332
"G[T>A]A",0.0123175973575981,0.00202258656799898,0.0109106175758197,0.00876454888565633,0.00316061297384459,0.000305745223458176,2.43634736242937e-08,0.00334724377984785,0.00167559273309128,0.00293889427748634,4.53125978980241e-07,0.000205791180063834,0.000493312927030874,6.76463493961984e-40,2.96280223189019e-09,0.0532233091633489,0.000666119364079243,0.00193142196357141,0.00157904221256621,0.0238766288407975
"G[T>A]C",0.00463887817328665,0.00101841468348082,0.00574323467540231,0.00225435837363734,0.00354336242904984,0.000427273622891065,0.00407366408904844,0.000989155374000903,0.00516437520424987,0.00348134308808721,9.65832440283929e-08,6.10442935867621e-19,6.62861978833272e-46,0.00536634360952634,0.00282118766505486,0.0044953673081872,0.000201025344342266,0.00364111508625243,0.000611161314587233,0.0063222422285701
"G[T>A]G",0.0170558815844231,0.0023701444757403,0.00830715598331616,0.010927016493474,0.00263265614475453,0.00037865680337216,0.000513523617117207,0.00178504695886194,0.00545263809693862,0.00317610582244725,0.00566639615922033,0.0027735587208048,0.000229438113470436,0.00145428898302728,0.00129581011835006,0.0507150587840701,0.000426070641414815,0.00354985334899767,0.00128209665052057,0.0133664870168722
"G[T>A]T",0.00693559899639221,0.00119173611815572,0.0114657473941644,0.00540713118470528,0.0069055716275893,0.000568163173090872,0.00465292783037492,0.00150187206847673,0.00385281939900553,0.00288823907436266,1.76528434877503e-06,0.00450445138729315,0.00152974855392636,0.00107185736786559,3.34617217535654e-06,0.0392389280306535,0.00126901567736521,0.0105681975303101,0.0014732872817722,0.0125370925464347
"T[T>A]A",0.010329711433849,0.00406695620725743,0.0231001785027315,0.011653824007443,0.009576182126437,0.00102636709990511,0.0119624732233929,0.00613852587110507,0.00606462709570809,0.0135653376697402,0.0228004192925274,0.0071663950260209,0.0347803999683665,0.00547475468286484,0.0036753556956926,0.046838803191652,0.00355159783473969,0.00293775397033355,0.00550337536367361,4.05531783780516e-10
"T[T>A]C",0.00501833114841053,0.00101343443341036,0.0116319226477282,0.00363624068957916,0.00547169226885638,0.000915321739888268,0.00547803800314942,0.00175370558727903,0.00533657978406105,0.00182248362421091,3.02831857102513e-12,0.000488754737417297,1.04723584538787e-16,0.00313911010500459,0.00310629465529379,0.00335043025942031,0.00341104068912977,0.00593327470067503,0.00185864057425214,0.00581452298677416
"T[T>A]G",0.0127091869236943,0.00258968981630366,0.0104874008125388,0.00853942603494624,0.00297521847228797,0.000248171280157915,0.00143948851091662,0.00284599063943713,0.00456141185111856,0.00212039882512139,0.00947254761105748,0.000646604113173855,0.000708930611207815,0.0018508316759977,2.43407663581405e-10,0.0206166489680939,0.00158490866921262,0.00257533008863668,0.00118880479423731,3.80572757393282e-18
"T[T>A]T",0.00681249393190046,0.00174482251859041,0.0222759204126647,0.00872837742232925,0.0151638734815609,0.00148033835363468,0.0140343236819348,0.00372939411668761,0.0107616007373551,0.0164393745917078,0.0132880743878193,0.00651652368915459,0.0152574289423095,0.00213015872661443,0.0048700143085139,0.0339934920977409,0.0214222437985685,0.0157140490203481,0.00367214216078615,0.00598444094170269
"A[T>C]A",0.00782131080152087,0.00992394766274747,0.0260115272130579,0.0724767904694843,0.0148956350490927,2.77279358518774e-05,0.0111768597811738,0.0106877978200318,0.0433331987380422,0.0312206947684262,0.00660148243439693,0.00884916873051486,0.0191088879612397,0.00243824941251343,1.04867722983227e-05,0.0153711694250155,0.00206094496397662,0.00850981018548641,0.00547886479045099,0.0505455353108619
"A[T>C]C",0.000329243306482431,0.000754281241428395,0.0073185811172051,0.00786767875374181,0.00723332112391229,0.000737634097471447,0.00979691254446205,0.00128576611992163,0.0134376514336709,0.00761840775355432,0.00573575198656419,0.00401426552547512,0.00493233775485053,0.00367580444406616,0.00859309573812241,0.00486373881251859,0.000209615888420452,0.0135019547564299,0.000680718319331357,0.0121129715751591
"A[T>C]G",0.00648001255155566,0.00532239249312279,0.0129532011809161,0.0472040545117068,0.00909526287357883,0.000516356107413307,0.00916752028639466,0.00522970542546662,0.0320151345708289,0.0285347969683953,0.00252421814544991,0.00636501118025634,0.00502095780178941,0.00219733733889051,0.0523804151669528,0.0105518352615322,0.00178392754577722,0.0106628698303395,0.00209745932570706,0.0267833129213688
"A[T>C]T",0.000727396554252627,0.00387200585897788,0.0201653028915088,0.0315659657174859,0.0130339100480498,0.000722825199138954,0.0235549046543697,0.004709212315633,0.0426668067668324,0.00857960297072005,0.00995316827906298,0.00636525496417809,0.0116882771726637,0.0030273003656527,0.00894656125833929,0.0105203283566706,0.00199036291217972,0.0258610634563568,0.00433523050162756,0.0307519856487034
"C[T>C]A",0.00784258992826865,0.00189003137300753,0.0114909297862869,0.0285715653109686,0.00901030128142843,0.00153304447609246,0.00248837965071825,0.00176533100909094,0.00887501209627948,0.0196181367350778,1.5627398583062e-07,0.00498632692334114,0.00788930986437283,0.0116105153533716,0.00790867146707211,0.0111334005050597,0.0020275997425936,0.00973564456859,0.00455568919992954,0.0155329510496374
"C[T>C]C",0.00195458692853998,8.21015054703075e-10,0.00853529205859349,0.00618344075378733,0.0207915596726756,0.00161539358843681,0.00895190439695464,0.000672147096184011,0.00937900748625218,0.00718584628467343,0.00254804651104755,0.00676309794314723,0.00292851428063945,0.0141144123824452,0.0258316608309396,0.00623339331433237,0.00061596717889795,0.0274828180576343,0.00120285802402443,0.00697581661522662
"C[T>C]G",0.00830041989615878,0.00165191866205662,0.00765279692740576,0.0237944968368709,0.0170288274616935,0.00138558259461018,0.00420316154974914,0.00256187050297027,0.0151404756610085,0.0282501825495928,0.00713549425343888,0.00485792843025927,0.00593464216959008,0.0133375537484146,0.0319338800364938,0.00856582240828369,0.000761085186640573,0.011834860609899,0.00263102358694938,1.47027666471424e-10
"C[T>C]T",0.00354867577891091,0.00196914077231137,0.0119476119243084,0.0173542069755026,0.0494316113361839,0.00129183469696322,0.00565284749147796,0.000728277800916699,0.0104717775001748,0.0200477878103864,6.24198862444561e-06,0.00568939851530991,0.00976979332825738,0.0299382229524921,0.0046932606005424,0.00477235931158588,0.01004151328642,0.0184464177902036,0.00478365401114103,0.00906733050626258
"G[T>C]A",0.00238798604638705,0.00388337113835098,0.00875400375156892,0.0315523934039024,0.00736460750179124,0.000702571143101488,0.00832554529381237,0.00364527618666452,0.0160701820469114,0.0331015537833621,0.0103410174454475,0.00678699057981719,0.00911010816082196,0.00239811856860665,0.00248357450776893,0.0257527944988308,0.000349048726021143,0.00813548215107546,0.00382656961357359,0.0612856528669351
"G[T>C]C",0.00124661810214164,0.000416456183200213,0.00498891901894512,0.00538935677843343,0.00619028359426322,0.000789886315647027,0.0107006471216132,0.00010782044614994,0.00880533092203681,0.0107938869922904,0.00221909085323767,0.00309410501656202,0.00477980670287537,0.011706057812765,0.0113794085826288,0.00391316633331011,4.71118251008738e-25,0.0153007953824336,0.00252484977186315,0.00758184703431609
"G[T>C]G",0.00339066425415456,6.10106084511743e-06,0.00326571364846088,0.02382761299991,0.00666695989014488,0.00259518430337398,0.0089910869501079,0.000741388908159256,0.013976600800018,0.0255114677421987,0.00895999136038879,0.00766841359896788,0.00214767552367145,0.0022178286708334,0.142099149854259,0.012542236499415,0.000398928472163235,0.00743867915033287,0.00109018599145353,0.0161759838443686
"G[T>C]T",0.000467134022719371,0.00156279063134054,0.00983360566676984,0.0174447836763439,0.010166649652427,0.000737936291165508,0.0155997435704758,0.0012982246564607,0.0234047154099845,0.0168548362637783,0.00818538094504566,0.00649434980432834,0.00556328876813129,0.00228807701920467,0.00451162976772619,0.0274686053703029,0.0174153470228273,0.0155740697447851,0.00574196001950628,0.0245634484754153
"T[T>C]A",0.000796289128740013,0.00290838644243396,0.0142238994193367,0.0337873053526098,0.011275878811342,0.00123429731155088,0.00764916237622344,0.00538019934640995,0.0147481835051634,0.0251921296894593,1.70519051579499e-10,0.00298948582230066,0.0127649471351512,0.00482075482345665,0.00842608692945519,0.00624522597865358,0.00740798809853568,0.0152929181302307,0.00682260492810968,0.0140909450166583
"T[T>C]C",1.82056382267908e-05,0.000305867854285597,0.00917097377005965,0.00664541490116161,0.0109310993138062,0.00104421141327699,0.0129615710731825,0.000996578662420858,0.0116858417018961,0.0181025091989476,0.00261808377143823,0.00496814278325114,0.00788226634263036,0.00972576590776274,0.00809982536725487,0.00489878994926998,0.00334391674369062,0.0280556198056796,0.00453971542123664,0.00828855365908691
"T[T>C]G",0.00166756500445126,0.000439860286582034,0.00283454148534447,0.0239223120694862,0.00705468207155089,0.00212996891711127,0.00772146449726154,0.00203609077441472,0.0074601281412273,0.0228871892600898,0.0119021667156581,0.00431818530879863,0.00284985319734928,0.00376547433843047,0.250514423288861,0.000842874564266625,0.00435705606766423,0.00768358088324379,0.0023530488349256,3.19601618387745e-05
"T[T>C]T",0.000267300558404616,0.000975750089890393,0.0119296233761238,0.0199588382666013,0.0144491199508559,0.00175460385002076,0.0165950273287577,0.00185814545692085,0.0215243403476994,0.0361843467610365,0.00934604069121023,0.00736964714702474,0.0174467037048223,0.00727644283221269,1.91525043093043e-08,0.0106220320985967,0.0108256779296442,0.0217502431071187,0.00730847040926566,0.000606204617165644
"A[T>G]A",0.000376679300247539,0.000424187104108102,0.00812000374752952,0.00405237090015334,0.00421840973948532,0.00120735172359436,0.00564920400978227,0.00127389112348501,0.00474264720645251,1.87801908480033e-42,0.123921182285097,0.00171453334554763,0.00287794960555508,0.00194303739179932,0.000594180974061163,0.00197924893515973,0.0019205039481114,0.00779860725474988,0.00305086999771311,0.00869532133757723
"A[T>G]C",8.35068845724061e-11,0.000507928283899866,0.0021267159120513,0.00115680208039231,0.00314058287880389,7.53295099645599e-08,0.0033773821525161,3.57855880077491e-06,0.00323660859926255,0.000468126079350269,0.0260277917994106,7.80797316009813e-19,0.00070484023729779,0.00136170348118965,0.00100363926383586,0.000859642684923642,0.000461939210634606,0.00345542615665118,0.000144277869682001,0.00728877716947317
"A[T>G]G",0.00207134012707991,5.05655337860231e-12,0.00626880938254793,0.00320509283181064,0.00363400087297047,0.000843847135518955,0.00425008235345221,3.19533702671272e-06,0.00590171308520317,2.56595332883674e-16,0.0046476717531076,0.000738625256640792,0.0012489394541149,0.00414142540252484,0.00669912930691692,0.0032054500722551,0.00152976510662071,0.0138625710041241,0.00258421437684519,0.0058142870616233
"A[T>G]T",2.80762083817975e-17,0.00129233079477748,0.00439332826621961,0.00242959180550381,0.0267992664452631,0.000433161293351773,0.00668667219719368,1.16341894224095e-14,0.00825030109451749,0.00308185887040267,0.0133016971575567,0.00182480588845851,0.00278286958793546,0.00100196687721116,0.00197788985860038,0.00406044663508723,0.00164909325296075,0.00604290339173312,0.00122530315197029,0.00584523443940096
"C[T>G]A",0.000710885312449191,0.000136208181948802,0.00398033448112738,0.00346033376687118,0.00353162957261173,0.000553809864493361,0.00277794075286594,0.000490033830471566,0.00174083184209224,1.04077611967803e-20,0.0167278457046332,0.000528814427561412,0.001565685555167,0.00152180235290613,0.00713419303097353,0.00478258164731167,0.000272482939417983,0.00483963937986025,0.000449998215152379,0.00799196895160653
"C[T>G]C",0.000687353776703235,0.000135079370618836,0.00252891630100862,0.0021123623252929,0.0113014437376036,0.000367886113457306,0.00366996945529632,5.68342624867205e-10,0.00488118281143784,0.00258011361050246,0.0050831421135618,0.00229780236199982,5.38589483343956e-16,0.00086815194657257,0.00327188784562225,0.00213541665640497,0.000481960408580341,0.00625088664241996,2.85172301028352e-44,0.00166958448960469
"C[T>G]G",0.00507326299959887,3.29247426877775e-11,0.0064496234120908,0.00478452412623364,0.00913832851788555,0.00108837104092422,0.00327243223729643,1.26251868807636e-05,0.00539480765905578,0.00375217996865019,0.00433400012551882,0.00259466939476429,0.00194317223586072,0.00360647706272597,0.005822586952359,0.00596163550971016,0.000679327246945597,0.0160106054286612,0.00159310864484292,0.0032668163356436
"C[T>G]T",4.78718172578079e-14,0.0042555279115911,1.03430409893811e-07,6.4131279998684e-10,0.139678985777803,2.75128683448234e-15,0.00277636909903232,3.28451014564473e-06,0.00555178701503258,0.00507280972111592,0.00190059126843632,0.00713986022114736,0.00911242049778789,2.02581314540177e-05,1.46787546845675e-08,0.000119124730216238,0.00204431662233021,7.91323506761218e-12,0.00108282870319245,0.0034475121953024
"G[T>G]A",0.000767779476233814,5.93156812693044e-06,0.00328109588372299,0.00196291331542,0.00225329603849788,0.000337439411810068,0.00182535093167171,0.00029744653590617,0.00141153502740685,0.000192564780511573,0.00958655368424624,1.10108625144716e-07,0.000289729046103286,0.00059552056785481,0.00267366309671707,0.00481667857327784,0.000296673606426542,0.00702624321121397,0.00109431629202557,0.00407895380864773
"G[T>G]C",0.00035172155753844,6.16147861584885e-05,0.00161704092324184,0.000585576410154971,0.00342720542010421,0.000314192549034288,0.00226626297599978,4.78329847920754e-05,0.0020881241836569,0.000399100518699024,0.0130992886754256,1.39840586510904e-07,1.13365430412055e-25,0.0032247600309736,0.00171760340045508,0.00160616254053659,0.000117520822371525,0.00350170629406278,0.00013049914209857,0.000744808006832764
"G[T>G]G",0.0033101437415757,6.83629920563202e-06,0.00490908518750676,0.00302809285642616,0.00418738548756751,0.000542344562288527,0.00414775630867735,8.31396227004163e-08,0.00425851520636753,0.000461372721987351,0.00228857693045814,0.000915682833879936,9.3780402056039e-27,0.00298625450484169,0.00798271900362592,0.00752477759114891,0.00082379231895503,0.00989541048673326,0.00220627230540566,0.00315008935998758
"G[T>G]T",8.55715752027625e-08,0.000813222927693195,0.00262610685881315,0.001049662672387,0.0348815441011901,0.000262191133058531,0.00405760904066822,0.000221425990340064,0.00331801314847059,0.00548170532756184,5.06606103395633e-05,0.00206856852321218,0.003687157853551,0.000506030157694066,2.00467853971971e-15,0.00402574739752268,0.0018900397056845,0.00833943720585002,0.000903918610742567,0.00353782588101142
"T[T>G]A",1.95183001355463e-06,2.09544374441673e-15,0.00914349237631686,0.00613878794613672,0.00685413271841081,0.00183523742375393,0.00583038413709226,0.000658020074461672,0.0058284298566171,7.05651880927949e-72,0.0796910167938916,0.00164501591051352,0.00586946311613509,0.00179516586599293,0.00154448596596705,0.0019331443537588,0.00160951755693756,0.0109243173214055,0.00145620730532491,0.00672355672026298
"T[T>G]C",3.27427370986567e-13,1.05598866848359e-05,0.00428035047474289,0.00249635785777405,0.00578065790415675,0.000765421120363865,0.0051658948243312,9.41712655435635e-15,0.00531020388767106,1.51109267373683e-22,0.0144567453045901,0.000418815224433745,5.43672125878291e-10,0.00239787234477187,0.00112640078480575,0.00387584445831245,0.00171219896170719,0.00659552582457681,0.0011832001610871,0.00195782693847981
"T[T>G]G",0.00326776691197872,4.9229132982293e-10,0.00790603388465739,0.00519974603162755,0.00573090926696944,0.00131770436529921,0.00474032840373635,0.000334852871461571,0.00448540504432682,0.00242889189553925,0.0104550534278675,0.00155783454013515,0.0035876962185572,0.00566420108219659,0.00180419948952958,0.0041428757746313,0.000852274204152897,0.0150893635817281,0.00287880709138843,0.00276489012434028
"T[T>G]T",2.30272382557278e-08,0.00269563244468806,0.00891728467513223,0.00554384356898426,0.0618273657841473,0.00109005137700181,0.0139629316805895,2.6171902024035e-08,0.0121213012030057,0.0158284308690647,0.0182481339504508,0.00487248275960082,0.0146128568208656,0.00178915579808805,0.00666436318892601,0.00355536282931082,0.00517154422392784,0.0119752431177281,0.00215617936553675,0.00371062161864726
