"","GEL-Lymphoid_common_SBS1","GEL-Lymphoid_common_SBS5_a","GEL-Lymphoid_common_SBS18","GEL-Lymphoid_common_SBS9","GEL-Lymphoid_common_SBS127","GEL-Lymphoid_common_SBS101","GEL-Lymphoid_common_SBS5_b","GEL-Lymphoid_common_SBS5+8","GEL-Lymphoid_common_SBS17","GEL-Lymphoid_rare_SBS7a","GEL-Lymphoid_rare_SBS95","GEL-Lymphoid_rare_SBS169","GEL-Lymphoid_rare_SBS124"
"A[C>A]A",0.0125476692950165,0.00761480727719703,0.0241390098977688,0.00770552440896318,0.00592453135119998,0.0141382659410312,0.0301464223263006,0.0304850161608674,0.00237618511589015,0.00944855426800778,0.00161867458681717,0.00700766701670039,0.0125089960451303
"A[C>A]C",0.0123392909960602,0.0105186618746776,0.0134186842414653,0.00709139770917439,0.0133753330849363,0.012909885967682,0.0102308353504773,0.0244808576970908,0.000534245349281361,0.00050772375680506,4.79225998077144e-35,0.00398979296027902,0.012068543255776
"A[C>A]G",4.79049025663766e-08,1.7083862174908e-13,0.000706607817882455,0.000527875558493615,0.000179755055421898,0.00218000498209417,0.00283649581612682,0.00489033567466821,3.78138644172461e-21,0.000444071154980822,0.00263906197848568,0.000875235051820674,0.00111616002856574
"A[C>A]T",0.00828287925935609,0.00147984074860542,0.0190545530733942,0.0022178445080196,0.00355108201036659,0.00814852124248779,0.00934042780635607,0.0336469538164543,0.00630134848233388,0.00254758647602772,0.00243866959789008,0.00439289666923689,0.0107356746074245
"C[C>A]A",0.00153476426029146,0.00838486834182679,0.0255761285740837,0.0030736976923636,0.00141376643240695,0.00956439856665035,0.024770165413978,0.0253268331090259,8.44887392199163e-11,0.00606161529566116,0.00173545030512337,0.0111714765934273,0.0344983971837923
"C[C>A]C",0.00322382722566911,0.00559393928810808,0.0121614554362132,1.62252893673044e-07,0.00544237355051719,0.00927879974898569,0.00823667977394152,0.0192972258852888,0.0033969730356881,0.0021569701500811,0.00320172648298651,0.00242523535601246,0.00652884885153331
"C[C>A]G",0.00116828802269247,0.00363302711575068,0.00298134873190902,0.000233652208523993,0.00153900976747491,0.000909156526789471,0.00346190361008601,0.00242846011975774,0.000525045422588998,0.000666594695351187,0.0133616897485493,4.64993071311242e-157,0.00231481609289557
"C[C>A]T",8.65491001864846e-15,0.00481582731449627,0.0386153607993212,0.00151209463843227,0.0113972674785278,0.0138006186116775,0.00912658456640911,0.0210290112364872,0.0028512530066764,0.0052957861308734,0.00580725228854322,0.00455318337397484,0.0173055092521244
"G[C>A]A",0.00661806341424563,6.65480785757345e-07,0.0495825312524143,0.00507581417309524,0.00768246102067692,0.00870263394774506,0.0251658084672024,0.00867527963337803,0.00229447067153342,0.00437235929743946,4.92991709192585e-18,0.0054309597794228,0.00885113608176761
"G[C>A]C",0.00828368552196501,0.00214312335443647,0.0121140264721383,0.00867652597784569,0.00757995586819218,0.00697218407753986,0.00546079206983132,0.00714480080685083,6.21718970519542e-11,0.00013726721282026,0.000419125879090502,0.00168332253632199,0.010357951673195
"G[C>A]G",0.000138815694515347,0.00122427866006699,0.000578938916802015,0.000399008607515804,0.000606509361318064,0.000684293650840464,0.00278438714241261,0.00129571676175104,3.78138644172461e-21,0.000418646497175229,0.00874642630775901,0.00111348287114533,0.00108331502330686
"G[C>A]T",0.0129055217733864,0.00319402646284065,0.0278755020305129,0.00379017850513458,0.0026840519691409,0.00595772182725699,0.0099056756533186,0.0119399282486619,0.00498870124806382,0.00133347512938759,0.00338731952445728,0.00309845995766622,0.00177499231406255
"T[C>A]A",0.00445060010730555,0.0185865214949866,0.0673630602290396,0.0208224008799367,0.00990484235665518,0.00355574570928756,0.00668879383560612,0.00467308871269474,0.00409904290068323,0.00542601175057956,0.00532365808837975,0.00638171538413752,0.0229630653888034
"T[C>A]C",0.00596008379110278,0.0125222409382063,0.0248795352600481,0.0047608468578864,0.0105763089194781,0.00356845426589343,0.0104270722494454,0.014744921938672,3.35515307090543e-06,0.00405025058167649,0.00193598427247439,0.00478836449413219,0.00378365567491101
"T[C>A]G",5.7850527190874e-12,0.00187306841737385,0.00246835505600614,0.00130983170359245,0.00144512125936402,0.000599025004702201,0.00219211249918445,0.00243399458281841,0.000533417599328799,0.000395691143236097,0.00185638800851895,0.0017855351903987,0.000328944452809893
"T[C>A]T",0.00910494822309484,0.0234971216276239,0.126822859891407,0.0224435072050274,0.0149970949842773,0.00532244518709961,0.0156025267427135,1.25806081115776e-06,0.012711063304277,0.00585959180014619,0.0074516692972487,0.0119765244184277,1.09507180363236e-05
"A[C>G]A",0.00149567058318424,0.00680517050253307,0.00652501322637839,0.00647957868584409,0.00529234961542939,0.00792537098484214,0.0102057603939074,0.0099903164401971,0.00174302863844411,0.0013519150798587,0.0228373252861767,0.0283393079871915,0.00506250967994963
"A[C>G]C",0.00158370338102835,0.00314662730048374,3.23193652774084e-05,0.000612528771318095,6.50457350894381e-07,0.00224825980293599,0.00914601160509193,0.00286312054528409,0.00230554509561565,0.00135382646781118,0.00703453444608281,0.00299914208222423,0.00557231541534847
"A[C>G]G",0.000112555940155668,0.00122762223237859,0.00121881498340817,2.11081911768828e-05,0.00151754774130473,0.0014810980805688,0.00146359393978646,0.0039011824472859,0.000366350288042171,0.000714591655152202,0.00673292850793216,0.000794603801553607,6.67392985789394e-28
"A[C>G]T",0.00446489731436934,0.00284078862472554,0.00652758156631709,0.00553129566043349,0.00935864326246233,0.00711530777884371,0.00593966376925312,0.00532774488897606,0.00528799095882584,0.000832130646214636,0.0224135129227754,0.0191755573131538,0.00221385022551729
"C[C>G]A",0.00353089999080415,0.000781614975443282,0.0043397522134162,0.00069241038310222,0.00392853611178617,0.00189151495520032,0.00703441425298536,0.00434432132495176,1.10248740769575e-05,0.00122317795893487,0.00199278028492006,0.00346938718701302,0.0106224006329104
"C[C>G]C",0.00331802368698426,0.00244423739390642,0.00187362370163349,9.0727994169495e-05,0.00109652341907104,0.00417272330392581,0.00600690281128227,0.00490219226066712,0.00143076553419901,0.00153949650865789,0.00195490614047577,0.00161341259341552,0.00566077933870026
"C[C>G]G",3.8726485084215e-05,3.81916852918551e-21,3.82250778702665e-21,0.000527364500221113,4.01518163880791e-21,0.000873436654103584,0.00031845738779688,0.00175577781974464,0.000430172924801513,0.00109726284422224,0.0246937964023682,0,0.000724360626626684
"C[C>G]T",0.004213268897598,0.00758940544992134,0.00522746687451681,6.96144535631164e-05,0.0063899753344887,0.00443305797076244,0.00941664446820089,0.00679830918940202,0.000945926844654688,0.00164017644319478,0.00588418539264802,0.00443220774718285,0.00598628867303043
"G[C>G]A",0.00250302834605225,0.00157095269456123,0.00212827507096229,0.000928457487941248,0.00572323951869235,0.000737873444119807,0.00458774394647618,0.0042605569699488,0.000910522395116053,0.000458580820701704,0.00480814010785689,0.00664711789847743,0.00629176888038413
"G[C>G]C",0.0018349983082067,0.00631219942922297,1.82369287489303e-14,0.00243937252188489,0.00723669164711916,0.00247458064252985,0.00535284257818999,4.63942146208543e-06,0.00601022163166068,0.000581293082689888,0.0114394532491404,0.00965327509704318,0.0109006502234953
"G[C>G]G",1.76459115037629e-17,0.000582438151299023,3.82250778702665e-21,3.48264605554132e-21,0.000590833236808265,2.45124839251329e-17,0.00139430737807265,0.00165625155238512,0.000147864823200294,0.000394600292843527,0.00428447036992557,0.00132196022497258,2.27637317259757e-70
"G[C>G]T",0.000428217795922273,0.00256010863582915,0.00569761049871941,0.00837237825879558,0.00397712337537156,0.00281971614398816,0.00715754377822465,0.00851217205713319,0.00474673132206024,0.000444498180214512,0.0139973143225491,0.0108360262719798,0.00281891786061502
"T[C>G]A",0.00481237028753064,0.0043165287539698,0.00596614580270999,0.000624677977403805,0.00545431082738036,0.00271173025228871,0.00362651034802683,0.00588413430048297,8.5453089522833e-05,0.00265615575589085,0.0262095217392302,0.0173310247713433,0.00782728907998184
"T[C>G]C",0.000629256983840955,0.00639379173583014,0.00369533858534627,3.04859174792688e-05,0.00532236587710804,0.00397760061898631,0.00832987772653683,0.00442983746227229,1.34783216167151e-06,0.00278670082725952,0.00572505751682339,0.00351674839403974,0.00476452047959668
"T[C>G]G",0.00152368134648432,0.000797888436541287,3.82250778702665e-21,0.000654211237128065,4.01518163880791e-21,0.000808187508030997,0.0013000006948288,0.00124830308038843,0.000316181326164533,0.000376954530881259,0.00506705269814632,0.00134510993893385,0.000447307237743798
"T[C>G]T",0.0059856402239993,0.00925953642346426,0.00705713068091985,1.43256605320747e-06,0.0171357800323479,0.00141017692025555,0.0107354657701054,0.0178100252392285,0.00704020269384375,0.00548121449124965,0.0327301381894009,0.0160775575166627,0.00476439334878762
"A[C>T]A",0.0345781823355899,0.00625293787598885,0.0150803194636176,0.00536874695042453,0.0211896610186805,0.058869403885406,0.0233827747701403,0.0231063407898158,0.00621400164607277,2.26295144575376e-25,0.00400554321045156,0.012589770320357,0.00192874352175158
"A[C>T]C",0.0126560542121223,0.00527529995186413,0.00504890814350389,0.00558404268483849,0.00458952429253435,0.033449180069642,0.0163660998268866,0.00899844582850549,0.00417220277470451,0.013619666180747,0.0017656823083685,0.00304774267034074,0.00409918094856694
"A[C>T]G",0.163014681177005,0.0178892273321587,0.021952703680526,0.00105090328860828,0.0138512762700641,0.0483847017807414,0.0432841501133428,0.0287061205398537,0.0141999911586237,0.00586287906193886,0.115101440777118,0.0155790414898823,0.0134947913198914
"A[C>T]T",0.0164791635128941,1.12756575479438e-07,0.0105384538570991,0.0137836750759264,0.00696729650998659,0.0392501424906141,0.0119836478856509,0.0153961615573747,0.00555997546246742,0.00764489733354929,0.00256244571006245,0.00500598404535503,0.00689794630708623
"C[C>T]A",0.0167436890771351,0.00785379235353388,0.0106759162499763,0.00455553012988332,0.0225248974735572,0.0465343474436615,0.0132089243570899,0.0165717717268578,0.00436204031371693,0.0466122935804192,0.00479055190206395,4.35728593167865e-07,0.0138372987184888
"C[C>T]C",0.0114311975547706,0.0248900788255015,0.00688995693525084,0.00354199973424579,0.0242920190331467,0.0404564191246739,0.0185027039207542,0.0141958885421097,0.000832011663828101,0.0817466569901231,0.00252781815673528,0.00693213146531988,0.0343125372917502
"C[C>T]G",0.0824584396051702,0.0108881651292513,0.0151179209071542,0.00722173596143055,0.012272572144184,0.0342192587646034,0.0170023237950276,0.00964669402683927,0.00533655980073942,0.0137445897197465,0.203613695048753,0.00572918852429512,0.00073249766739185
"C[C>T]T",0.010334529054808,0.00916698803454037,0.00883554042403951,0.0131782914659945,0.0160138125707615,0.0547593000498939,0.0282408623050296,0.0180646293298296,0.00240204987766982,0.0717617370154068,0.00309703343089684,0.0073472956268808,0.0339120832925705
"G[C>T]A",0.0153345550199449,0.00644786122658,0.00631370951772629,0.010300454581521,0.00513856157292817,0.0425622774776071,0.0215781342917369,0.0153855056220868,0.0082414281922289,3.04899162950409e-63,3.50902175258072e-06,0.00240314943299696,0.00804371836135135
"G[C>T]C",0.0157822469897555,0.00431550788460894,4.48829101628573e-09,0.0148647061331014,2.31183112433594e-17,0.0401102912849377,0.0185894893678642,0.00664581699407316,0.00588013425974876,0.00865552886836048,0.00284132396837563,0.00459818499535085,0.00787435968794775
"G[C>T]G",0.111298859860295,0.00686998413113161,0.0133167777893797,0.00635195680481431,0.0102079243249274,0.0283222886404185,0.0159679073136747,0.0133775720379149,0.0129492920689562,0.00331226665550613,0.0672119048814459,0.00516640979987526,0.00472482969685594
"G[C>T]T",0.0139711926401031,1.5867143962394e-07,0.0115825398458485,0.0218757319151555,0.00546925043640615,0.0557996986319537,0.0210724431453703,0.00927197301577101,0.00834104038652538,0.0069601146657234,0.000111757998720007,0.00895532462051487,0.00544140034925754
"T[C>T]A",0.0288117183008598,0.011034131114233,0.0150620017298745,0.0065164256413559,0.0308011559410793,0.0387034112061101,0.00786173257895707,0.0122989747591979,0.00267639543718934,0.113036341255542,0.0102591930370933,0.00801226281039759,0.00481399848215045
"T[C>T]C",0.0277736837778799,0.01548447979991,0.0101534445949388,0.00407680628785849,0.0146563664489821,0.0445240021965772,0.0174933682737667,0.0259692394640851,0.000858268030732014,0.245282942580186,0.00938947673508689,0.00597305467238517,0.00202047344607974
"T[C>T]G",0.0624533069354708,0.00822361822130572,0.0090890339656472,0.00719500484734665,0.0096409431202539,0.019863887624283,0.0128284138782104,0.00675938232166141,0.00537575130978271,0.0416205788338101,0.0423307140409619,0.00310754011731987,0.00183260406037386
"T[C>T]T",0.0267287827790139,0.0190287266504115,0.0163859018099904,0.00970779574094022,0.0289842076037302,0.0476978196668795,0.00432633420212869,0.0131037872732751,0.00851610538372044,0.105190909753665,0.0177368780754088,0.0062268833737685,0.00379893002949117
"A[T>A]A",0.00467199935448553,0.0180595019184316,0.0077568133711569,0.0257702605638644,0.0307065173769735,0.0114220764075126,0.0117686378574476,0.0160674617659751,0.00138555660383805,0.00351242892810842,0.0106576114025917,0.0128353176695858,0.0310563159658109
"A[T>A]C",0.0179430623486277,0.0148538838477286,0.000584648846206277,0.00541511226876479,0.0026415579398439,0.0072532148683944,0.0150298715112308,0.0212202975292197,0.005138067454715,0.000790539069334927,0.00143503892680608,0.00422536918982857,0.00647695108893442
"A[T>A]G",0.00942616999995165,0.0168420211949981,1.14341613690153e-11,0.00532956414488838,0.00484160583417585,0.00728077751276395,0.0209415983375428,0.0242504468132433,0.00078669450160616,0.00216954453044386,0.00143878847097069,0.00264042324623618,0.00766924822990146
"A[T>A]T",0.0154534796465265,0.0275695705171988,0.0285427523592639,0.0236533237860135,0.0326832057863402,0.0119080736161153,1.11528076458194e-06,0.015725966966653,0.00816603049854697,0.00944391912488848,0.00799066721110935,0.00598660082262071,0.0335878047926808
"C[T>A]A",0.000315995098304335,0.00322839863060535,0.00481536113166169,0.0116459842209323,0.0144163199146272,5.52464741573142e-10,1.98355663435353e-08,0.0107301627488103,0.00302983155910139,0.00134266221550082,0.000930947790976494,0.000311249086930701,0.0435921036629241
"C[T>A]C",0.000405338170094362,0.00456941689282736,0.00502717054644906,1.69945499128851e-06,0.00161058982032247,0.00531432328762401,0.00592467029382464,0.0178532394523798,0.00519914952634216,0.00135088964717037,0.00161073070552758,0.00411282203244343,0.0170402263991942
"C[T>A]G",0.00462645544281576,0.0137161532574106,0.00284906524592289,0.00094606690237408,0.00763425313051948,1.36628663216285e-10,0.00473729212550237,0.0170928256314449,0.00320491924275713,0.00261839709521968,0.00180574778304766,0.0019736232429241,0.0258874559816076
"C[T>A]T",0.00168957736546082,0.00435049022804392,0.00779310441166499,0.000477553121405112,0.0102190000060768,2.64073067455715e-09,0.00179762451069515,0.0348425151987611,0.0156878441996337,0.00622619155704271,0.00532249887906078,0.00171734672741317,0.069184121604837
"G[T>A]A",0.000595226250814036,0.000669449020781102,3.37013789950629e-16,0.011002932898209,0.0124619035314103,0.00079886848076386,0.00212450066996292,0.0109194405618119,0.00244779568746999,0.000808952317346233,0.000651651551761121,0.00227021492652478,0.0241683530066132
"G[T>A]C",0.00219979741236399,0.00621000633326826,0.00041284009225367,0.00228426173367466,0.00871025284464711,0.00161910361407109,0.00171525032039245,0.00909580658150027,0.00159684427224281,3.17380877689681e-31,1.36648512159426e-24,0.00255037660782318,0.00521796932559764
"G[T>A]G",0.000594218479252293,0.00626986222827202,0.00193644727717449,0.000833900074575552,0.00234598777683866,0.00178826237498102,0.00401104888267728,0.0108695009704837,0.00192027787841387,0.00147267491872946,0.000561009999508249,0.000604112547054494,0.00723962431735234
"G[T>A]T",0.00409879549715178,5.69262111926512e-06,0.00505823175332291,0.00609548752499617,0.00448699219121542,0.00269023682584582,0.00224135671991297,0.0156444547257756,0.00301852885170729,0.002105449950885,0.000999334279186927,0.00245372154093293,0.0338682527631004
"T[T>A]A",0.00648546099090676,0.0110485226574462,0.0254952853457227,0.0359538565281756,0.0486777439868251,0.0171179457370294,1.84858184190214e-06,0.00164986516929495,0.00780230345027966,0.00191435415010839,0.0118942630992743,0.00319598606047519,0.0417163918350322
"T[T>A]C",0.00754514031316628,0.00864076323219665,0.0030946602916614,0.00121453075962559,0.00641071880348635,0.000203490154761003,0.00624959662911676,0.0146126496690638,0.000823068262110649,0.00405392496943099,0.00263887833002521,0.00193995602184286,0.00471455597906855
"T[T>A]G",6.29506233194773e-16,0.00887137175695612,0.000494890624499101,0.0257815002322249,0.00833951509044132,0.00130293675182246,0.00706784184191026,0.00850566391907234,0.000796741890652457,0.00304396708003792,5.80783143012424e-16,0.00236594961046921,0.00602573500138268
"T[T>A]T",0.00979999422186782,0.0116811402649655,0.016238811763715,0.0170980360650858,0.0225005269241312,0.00963311321296283,0.0068339258979613,0.0261792398683647,0.00853331161861754,0.0239425960484772,0.00608349613778989,0.00422602273530858,0.0698502570515672
"A[T>C]A",0.0144819602357082,0.0524884955956975,0.021833223659724,0.0155313783513077,0.028663666009559,0.00805587993516369,0.0499662155689604,0.020460940148724,0.00956733814962339,0.00220714014677857,0.00672470156254431,0.015730037433036,0.016775110988531
"A[T>C]C",0.0069454377088922,0.0194598268963258,0.00622264593629399,0.00847767294912737,0.00740000016292695,0.00792052503678403,0.0152376912944047,0.00308586374995229,0.0103127631471105,0.000503885803579824,0.00548270773655885,0.0105035854867063,0.00232566218470209
"A[T>C]G",0.0105308820072847,0.0433715343910598,0.00359957711381717,0.00750403977499434,0.0101064183200207,0.0111008200162121,0.0334450256331987,0.0194499365284099,0.00491791970612308,0.0017521700909992,0.00542439230958405,0.012216678978602,6.27015407862379e-65
"A[T>C]T",0.0133378518382678,0.0443629948675847,0.0105174383968672,0.0162174938994546,0.0306469220375864,0.00382386801118712,0.0345752621310281,0.0251089596816194,0.0176887169430817,0.00388955067724347,0.00611133881247848,0.00788929012075423,0.0110597750033944
"C[T>C]A",0.00567945178489637,0.0173495548313023,0.00907622589162635,0.00996942511424483,0.0186926941417259,0.00506039386359046,0.0110712157892052,0.00127035809064774,0.00583338732349532,0.00143552315727671,0.00476484305692092,0.00123595355164553,0.00935485645366334
"C[T>C]C",0.000973099798744499,0.011754905195322,0.00687770956679087,0.00651713075420745,0.00784210420532796,0.00387316828078207,0.0139438626669539,0.018510320073678,0.0242586015249773,0.00185363739282997,0.00182073381164396,0.00724904962864974,0.00563116007608529
"C[T>C]G",0.00351627863894991,0.024699516029271,0.0076937810481081,0.00870758428706041,0.00745261994865297,0.0049478479590564,0.0125733913717289,0.00732941035388969,0.0171263011058605,0.00164055292374073,0.00582631539765307,0.00401248127344057,0.00647077330618859
"C[T>C]T",0.00370549595607979,0.0258047726816941,0.013920187130851,0.0215017243472855,0.0138447225347725,0.00532456335019789,0.00826791800402842,0.0110550838546331,0.0547090570822551,0.00659294177251354,0.0206955611638096,1.85366413175239e-29,0.0149095252821094
"G[T>C]A",0.00822226754892452,0.0218038368449234,0.0126621640867928,0.0119970574370233,0.0255215593882217,0.00245223145598168,0.0210356838666023,0.00921581154334762,0.00161792867529906,1.09616578804456e-06,0.00130328964253316,0.0056292645883529,0.00508314223274207
"G[T>C]C",0.00606791913216628,0.0100142965584249,0.00700587394480299,2.42856675176421e-17,0.0150825892368706,0.00282225302649259,0.017722799115464,0.00614261844528065,0.0177646656140812,5.67584622734815e-56,0.00558455045906253,0.0307454020005535,0.0067210697218986
"G[T>C]G",0.0072785248496098,0.0158948199660891,0.00713388035228866,0.00973961812483457,0.00962580918110702,0.00105775025445263,0.0193028776966714,0.00378941713648809,0.00632966901269162,0.000837769223042111,0.000688333657030168,0.00226703421412424,7.18305237252571e-18
"G[T>C]T",0.00796722323197481,0.0276969139713718,0.00671166116841523,0.00872366642039056,0.0206448475996136,0.000869146501543125,0.0221958208156477,0.0121645086301748,0.00958726557088905,0.00547153593680411,0.0055893066251533,0.00607998488390433,0.0058771916066021
"T[T>C]A",0.0072525058336798,0.0408950506561242,0.00965422074015529,0.0128772837941109,0.0178612931764,0.00305018365167411,0.0194419427364566,0.0130992356228316,0.00913752549434182,0.00731909947122276,0.00886528690837165,1.30680210281645e-47,0.0147148449656652
"T[T>C]C",0.0112709102768522,0.0197234530308983,0.00767951888516245,0.00727398072274707,0.018617606814402,0.00381574699725813,0.0203045818471952,0.00813573198873762,0.0250714561099519,0.00375406830108751,0.0168947677599501,0.0360151409349003,1.99349023307726e-67
"T[T>C]G",0.00270440192304853,0.0221449671213097,0.0081326250061554,0.00703247093050781,0.0032361051975282,0.0050706859327637,0.0152538902178152,0.0083496022651465,0.00710022395777665,0.0043281527986713,0.00230519100370259,0.0013323634435769,6.07186890090715e-63
"T[T>C]T",0.00955418135926117,0.0457781983089672,0.0127551739793499,0.0268240391335674,0.0303765762932334,0.00976088934760289,0.0188811504729835,0.0139910592708657,0.0278435665323341,0.00892449224766763,0.00911839628971569,0.00792561333752701,0.0107255754464495
"A[T>G]A",0.00280329251396149,2.35721392460205e-09,3.87278144877283e-06,0.0739223586538093,0.0118961763134087,0.00110585699175514,1.4072008063207e-09,0.00281856742456356,0.0135339561291377,0.00019437021445346,0.00624889247548441,0.020017953108237,1.64960963522081e-08
"A[T>G]C",0.00144482032447068,0.00220017323250917,3.82250778702665e-21,0.00826494518868891,0.00383746888388401,3.5768185164376e-21,3.30412882248552e-21,0.00101576541101238,0.00452379777403499,0.00099130493271584,0.00277289613612653,0.00876691243084524,0.000389423606823683
"A[T>G]G",0.00307952864657702,0.00777596933003799,0.00134216078988422,0.00303536384202059,0.00403719261155691,0.00152874000281857,0.00375145704148234,0.00867893763191282,0.00495843012057927,0.00593678592794184,0.0024776645945613,0.00604495715908697,0.00471306660028883
"A[T>G]T",0.000940839779237222,0.0171360746510159,0.00882628499297154,0.0158265616336359,0.0124834777515302,0.00260188944031154,0.000428445218260152,2.44817274889477e-10,0.0358589618412031,0.000880328828033727,0.0112252927444606,0.0379800388464464,3.53087540605285e-05
"C[T>G]A",3.85018253573257e-21,0.0098213751872528,0.00448693567366859,0.0355003980718122,0.00925745981839981,1.05385156865234e-11,1.38014078378871e-05,0.00146824592116877,0.0142446135268189,5.18082553449666e-15,0.00241901760949983,0.00973209741178155,0.00673562906012646
"C[T>G]C",0.000154883299840946,1.08401923317207e-09,0.00100251745723502,0.00306845882961848,0.00510248520850291,3.5768185164376e-21,0.00179271157358881,0.00291720597452827,0.0167940837899213,0.00111508299717066,1.02594175501461e-88,0.0229256599677618,0.00251098241776514
"C[T>G]G",0.00428476626836993,0.00877531974684806,0.00679918277089886,0.0156047593257327,0.0110474852364425,4.32609054402475e-05,0.00324373762441142,0.00280658078957684,0.017400946973136,0.00613618857535345,0.00100974747128085,0.0106987518345036,0.0036723054139355
"C[T>G]T",1.9008689665884e-11,0.00747203922103191,0.0080438017056014,0.0226212438049646,0.000113497937511274,0.000125287554790767,5.60939468528131e-18,2.59788674428415e-11,0.185610668663517,0.00336160258188895,0.0237673792986383,0.120207866904951,0.0166627936442111
"G[T>G]A",0.00113450858080574,9.31445755413482e-05,0.000256625807888538,0.0102004929756769,0.0123557684948253,0.00141368814799249,0.000677609148686562,1.45470456665688e-18,0.00473904058640744,1.95657493314171e-11,0.00360903449718999,0.0108683422417576,0.00414950438620083
"G[T>G]C",3.37439443667196e-11,0.00121699876275065,0.00216754556037529,0.00629182498234201,0.00157022206700237,0.000323464339717606,1.70339731768104e-07,0.000286762056536547,0.00885693694846468,0.000195776643378921,4.28696975722173e-21,0.0144231263407931,0.00495480029987358
"G[T>G]G",0.00165641201395493,0.00440625367206504,1.08572307873469e-10,0.00230306301581936,0.00538769239528191,0.00348586769864266,0.00277941491969045,0.00265198627238983,0.00668523471997859,0.00714811340007033,0.00160103637064596,0.0181325330317819,0.00421163968046256
"G[T>G]T",0.00271744824514496,3.81916852918551e-21,1.21099258400906e-17,0.0020722789794716,0.0120853644350831,3.71729070781733e-12,3.72473754138636e-07,0.000606327176844025,0.0764528058684945,0.00246796172917111,0.0107407389154411,0.0837346669375269,0.00772804899819407
"T[T>G]A",1.88982908378097e-05,2.82530320673675e-09,0.000336298830189079,0.110518179687596,3.57258817943977e-07,3.82741851433973e-14,0.00052288047965704,3.25984941578891e-08,0.016473749345281,0.00305770364518753,0.00533416579420468,0.0393383353857581,0.0139465861820364
"T[T>G]C",0.00126151564958194,0.00265282976954864,0.00074622136327738,0.0097484810348405,0.00666335712679722,0.000604891051014026,0.000822067046129341,5.00332958186937e-13,0.00792517763599125,0.00320988345261806,0.0028797634993383,0.0154860138361975,0.00678751052242623
"T[T>G]G",0.00108892380413498,0.00713073395971276,0.00613918175492466,0.0139287759317635,0.00868076137869471,0.00160762635516954,0.00212225384624363,0.0066503222410527,0.00792678096880949,0.00518663343374664,0.00200594741781674,0.0072018877182258,0.00488213585964822
"T[T>G]T",0.00119135191473838,0.0161577009802365,0.0236032167708591,0.0628043629846845,0.0132555041885402,0.00494182704569023,9.78147508451363e-05,2.54992931094097e-15,0.0912997841851247,0.00770398248597862,0.0176108601648915,0.0732991947282333,0.0140224922763865
