"","GEL-Myeloid_common_SBS5_a","GEL-Myeloid_common_SBS1","GEL-Myeloid_common_SBS17","GEL-Myeloid_common_SBS18","GEL-Myeloid_common_SBS100","GEL-Myeloid_common_SBS8","GEL-Myeloid_common_SBS124","GEL-Myeloid_common_SBS5_b","GEL-Myeloid_common_SBS2+13","GEL-Myeloid_common_SBS9","GEL-Myeloid_rare_SBS57","GEL-Myeloid_rare_SBS31"
"A[C>A]A",0.0214014518810867,0.00656510487245029,0.00690890491768419,0.0347448635910861,0.0147773088592705,0.0363626255315194,0.013996086308838,0.0105200370687294,0.00117677377625249,0.00649201268317281,0.0282959878968194,0.00288227907268457
"A[C>A]C",0.00449634968935156,0.0074397897817614,0.000904324051578588,0.0184983868679593,0.0140335951339691,0.0306295540913202,0.0155795825707754,0.00729437901783355,0.00226463655556486,0.00994487460227488,0.0123083407421786,0.00692738305304772
"A[C>A]G",0.00218197244650538,0.000485924551030881,1.86060318219578e-21,0.00293570390921376,0.00146455606283029,0.00249516233119752,0.0024289506215182,0.0055252109986208,0.000684321123162669,0.00113719887851418,0.00129276054835126,0.00271215825992651
"A[C>A]T",0.00432962768590752,0.00441441390721631,0.00274216452307689,0.022909859782601,0.0108461289519172,0.0388389704920656,0.00987835015634992,0.00714366757553703,0.00231083115753462,0.00636015770100104,0.0085561256192099,0.00406306729024953
"C[C>A]A",0.0220825349356166,1.78783276885949e-10,0.0124203422132446,0.0309721468485159,0.0112181842996892,0.0286435798756276,0.0257192112029925,0.000353083734373416,0.00334868715996611,0.00253543213737229,0.00700702640309841,0.00369834429770801
"C[C>A]C",0.00497745997151625,0.00165385638160878,0.00533467978696537,0.0153990122939476,0.0123623555598812,0.0298397081444419,0.00336723407963614,0.000827580225123234,0.00155868852720336,0.00600224483653403,0.0105089738444074,0.00932916136384866
"C[C>A]G",0.00298990462708719,0.00248904427675024,0.00191146790674364,0.00324304856388552,0.000992474073314957,0.00320775054806383,0.0019146197572906,0.00154019691046025,0.000159389878172507,0.000354156499063899,2.23994495650996e-12,0.000558967325638812
"C[C>A]T",0.00941585676435297,8.90923004176144e-11,0.0106356721048916,0.027906504722816,0.0167324491519715,0.0298843271391964,0.0125383556890999,0.00506392987574895,2.10823794318272e-12,0.00488941147524617,0.00340039214541956,0.046177926283491
"G[C>A]A",0.00853068370850314,0.0126776444112037,0.00675086975427679,0.0647720932200172,0.00679575667940561,0.000183049892422111,0.0189075121947708,6.67197817799488e-08,0.00247027328013402,0.0108800452600366,5.86468821811934e-11,0.00482917128060198
"G[C>A]C",0.00573314699170932,0.00230109056252583,0.00279100159978633,0.0134267722471101,0.0117669227353244,0.0144764220705654,0.0113477525188775,0.0031468072157775,0.00211658241036267,0.0042548068487859,0.00520807303384631,0.0122738238563388
"G[C>A]G",0.00097946771941894,0.00117860228240441,0.000186523271988496,0.00345768054934194,0.00214151309658086,0.000253441786010535,0.00271506389422624,9.69689395422416e-06,7.51481433136556e-05,6.97463472229616e-12,0.00148504092189887,0.000913113578071788
"G[C>A]T",0.00351833155235424,0.00185275067747339,0.0047020721271984,0.0398110616231084,0.00897827131717102,0.012863344194168,0.00483742161328527,4.53230447449467e-16,0.00323620201397071,0.00877939461411402,0.0053057471585682,0.00293203221713421
"T[C>A]A",4.57361641439676e-16,0.00278782762631247,0.00982811754038567,0.0462192616010745,0.0159322476860495,0.0073704087681098,0.0274363640262768,0.0106938365848022,0.0320670387551517,0.0166547087344595,0.00224432897113001,0.00384220355936523
"T[C>A]C",3.9877085062746e-12,0.00247410379364151,0.00457083120410088,0.028695327352895,0.0145102763098973,0.0170159191548456,0.0109778875231907,0.00704789160741942,0.0094683257539482,0.00561172114398109,0.00662291877707957,0.00476818745105394
"T[C>A]G",0.000703386301016462,0.00091320181616079,0.000775160366688027,0.00422237580956347,0.00250229934171096,0.0014238208156254,0.00173924362652659,5.19710752369249e-11,0.00393357933230466,1.45903346608729e-15,0.00379638534631877,0.00035097804001998
"T[C>A]T",2.27228970149388e-17,0.00737294355218509,0.0202631199785337,0.100072416433083,0.0254618703271868,0.00520219616500585,0.00548343618166682,0.00996507851924168,0.0137097661831846,0.0222965161247066,0.00230392113279204,0.00787037302734251
"A[C>G]A",0.0190000312446124,0.00832348534303214,0.0121966674297544,3.19042596264175e-14,5.52792509732351e-16,0.0142594645169749,0.0104067174969263,0.0116757372920505,0.00326337341656507,0.00506077636517432,0.0108255952711611,0.00107531890330447
"A[C>G]C",0.00388783806133179,0.00371092438063027,0.0032979191273928,0.00218267961056924,0.00185704813204824,0.00656224869157512,0.00589269769789554,0.00882067491470922,0.00269126404119526,0.00309190743720179,0.00221770237874841,0.00364155636643467
"A[C>G]G",0.000377988415724768,0.00425155107576494,1.86060318219578e-21,0.00335442660028162,0.000367863392657315,0.00421333009891665,2.48433737256642e-21,0.000732857146827637,0.000565133404385319,1.2329725429658e-05,0.00128356971351258,0.000606906718652522
"A[C>G]T",0.0088560345566085,0.00494348909533495,0.00496205863445346,0.00171060534859229,0.00242345956892479,0.0102185516487458,0.00617700189882271,0.0139035572312506,0.00371127077963161,0.00816234758805682,0.00277783697699681,0.000734603016750824
"C[C>G]A",0.00371272809121386,0.0015756456790411,0.00155133097589024,1.059735640046e-10,4.27793519970484e-12,0.00368700237714969,0.0331806547088171,9.21035942160624e-16,0.00282439014747038,0.00228707003616512,0.00206152134239625,0.00367611507781767
"C[C>G]C",0.00420554349353872,0.00165915260165994,0.000901063565110648,0.000114690205654757,0.0023015699611538,0.00574454375036024,0.0108575425963446,0.00409907848652846,3.35751054182707e-05,0.00295816543871043,0.00230359282062598,0.00246693177680836
"C[C>G]G",0.000914459332982736,0.0018617822242112,0.000485033670200968,0.00345211571458667,1.57714734062451e-21,0.00161906418804762,1.34163036198716e-05,0.000311178773902095,0.000289689607382838,1.63480339801208e-21,0.00128439375243138,0.000772759032740068
"C[C>G]T",0.00691369537677842,0.00136931438597818,0.000486154980897306,0.00616804602828665,3.0126065486016e-09,0.00966426176321185,0.0165367503985232,0.000909494003253215,0.00448444466501834,0.00643190184332178,0.00283558418776205,0.00521530180276295
"G[C>G]A",0.00479013884428627,0.00178832201953152,0.00148534873218025,0.00355062411439996,1.80666192809021e-21,0.00452106717242144,0.0206990840238283,4.81010555225627e-14,0.00122335057641428,0.00137861502411544,0.0012675914543092,0.00226254683283896
"G[C>G]C",0.00313662334090391,0.00340096549719487,0.00395805996180402,0.00212603380030592,0.00361011853426361,0.0029129552266282,0.00803329980442313,0.00413967227564183,0.000364140166587752,0.0031239119364495,0.00189226644378916,0.00509804908052213
"G[C>G]G",0.00123002652867839,0.00142734137622531,0.000807953288976698,0.000667088716536518,0.000255101819076458,0.00116508179310131,0.00236609370247283,1.7318713877538e-21,0.000517819552364321,0.000822421780451841,0.000970395981945984,0
"G[C>G]T",0.00673386710324769,0.000270394643352866,0.00858696074280778,0.00333510684886718,0.000771730616175376,0.00488708696809718,0.00642296220481125,0.00316480674571036,0.00308465060206434,0.00659096167633521,0.00435275308794665,0.00168414678189759
"T[C>G]A",8.08465927266546e-19,3.17204856905221e-07,0.00342536741404852,1.69074594206005e-10,1.17834648236977e-11,7.83544325145928e-08,0.00820039342887831,0.00377670707817329,0.137914195630723,0.000976957658558338,0.0148132656835877,0.0062537330083306
"T[C>G]C",0.00246865101923147,0.00303836874049418,0.00454474551108566,0.00574545493825852,0.00317737251784541,0.0061580574561097,0.00879782061995992,0.00773745998120343,0.0264844601656209,0.00242104022591765,3.3207354719108e-56,0.00243795404659347
"T[C>G]G",0.00116907869384006,0.00169768643098789,1.86060318219578e-21,0.00110035019726841,1.57714734062451e-21,1.84881163249216e-21,0.000300053648072865,6.77403855424302e-05,0.00736674064446236,0.000723389945060673,0.00137892898653703,0
"T[C>G]T",0.00457374430864606,0.00257898656513674,0.0103141071210604,0.00605834127105555,0.00374992044885817,0.0134464927065042,0.00606565985061901,0.00569116511396783,0.168226489219688,0.00190226705266716,0.0186735437286962,0.00830574420905697
"A[C>T]A",0.0658418439027834,0.0292803523731587,0.006647996372525,0.0194110195660779,0.0314903537268794,0.0294945812898552,0.0276625716938627,0.0238835009818089,0.0058643235958339,0.00185550464543046,0.0215605555527299,0.00396039633599406
"A[C>T]C",0.0323787006450018,0.0139283205526371,0.00585648590416598,0.00786295324104761,0.0124817327651373,0.00953144739209971,0.0204041337278175,0.0159545025702157,0.002515456938271,0.00138421067179233,0.00552848260394757,0.00315623544802221
"A[C>T]G",0.0582207995141946,0.232470586450869,0.000109526244764539,0.0345601020666449,0.00481427119414678,0.00157768876787861,0.00709486097144552,0.0161421853986946,0.00885839706878397,0.00783991426674424,3.69424112629659e-05,0.0341315263795375
"A[C>T]T",0.0455606175186238,0.0181325557963751,0.00559923096187589,0.0122488373293354,0.0182791622536046,0.0209567470391994,0.0203640724578678,0.0189642015311657,0.00469303525003241,0.00494392991519837,0.00273621334068032,0.010023746237274
"C[C>T]A",0.0298280539949535,0.0162908714073422,0.00517744620693041,0.0079140997017306,0.0352137731851558,0.0122226814669801,0.0352405100349755,0.00999706381101917,0.00817392514266913,0.0204287539713215,0.00272332465792521,0.0270323339375155
"C[C>T]C",0.0384524936743131,0.0175843630313133,0.00478512892164214,0.00419940237822142,0.0235752310704987,0.012184206628278,0.015340220198885,0.0193788219547218,0.00549557014851228,0.00484533033975602,0.00823661011243653,0.261887500244296
"C[C>T]G",0.0156304793167527,0.110778553331034,0.00651906336288415,0.0362740926339885,0.00426415973158082,0.00697012388068712,2.63698537483563e-12,0.0134767869897457,0.00526016236103546,0.00560099660191429,0.00774996761086399,0.0204993993236297
"C[C>T]T",0.070975661306076,0.0218350581446116,0.0165258821619689,0.00176261071933826,0.0276694395624642,0.0320767296633157,0.0320181884384024,0.0150413234486033,0.00615908883154528,0.00169779034803542,0.0122564313835081,0.223585433638508
"G[C>T]A",0.0216283228066579,0.0134492527288641,0.00625955372891741,0.0104154588458251,0.0195246006790873,0.00596435121403934,0.0379595351770258,0.0182250460475298,0.00506431958882188,0.000236337466603088,0.00933685263924969,0.0026549362767778
"G[C>T]C",0.0360516285304067,0.0166309298494587,0.00493248039775628,0.0133639139994684,0.017140051687897,0.00976908613655436,0.0343969383675337,0.00828411745884781,0.00469343686806215,0.0091093163524444,0.00709854763079986,5.1123880875322e-27
"G[C>T]G",0.0111470774219065,0.122372326855022,0.0111267229422908,0.0409925368668076,0.0110385986725162,0.0136389419304713,0.00103919398725781,0.0269936291143624,0.00430431281730585,6.31769991578927e-12,0.0169846293075069,0.0180743169934935
"G[C>T]T",0.0529314634789493,0.0161760288443169,0.00861393494895535,0.00668119139006576,0.00851501310930504,0.017368267024649,0.0291359140888561,0.00302940474073721,0.00411771120029922,0.00436015005459485,0.0155979522244516,0.00169791679200669
"T[C>T]A",0.0113441721646415,1.48342495798456e-05,0.0127615067481931,0.0142730105471394,0.107169031360853,0.0172622520859105,0.00592431227901264,4.1754882604821e-05,0.216917902802328,0.00138921343462019,3.79623431633554e-05,0.00181918306638266
"T[C>T]C",0.0184408187919012,0.0126257716966866,0.0040277646332033,0.00882720171207775,0.0696527992569019,0.0189424317442355,0.016743315283069,0.0209300499053088,0.0437942459460339,0.000509683424834322,0.00466831475522145,0.0094301197087391
"T[C>T]G",0.0185221946046873,0.0759805342895168,8.22924704568677e-05,0.0188571218167232,0.00815894528359688,0.00301040789060342,0.000657538489850741,0.00628018070873921,0.0277831442386283,0.00313878719681325,0.00467549738158836,0.015343196754176
"T[C>T]T",0.0234252696645064,0.00987823935421303,0.0136464107745788,0.0156514019464181,0.0854505263236154,0.0254131859464818,0.0097214859564576,0.0128603548658168,0.120038961395002,0.0139900673671934,0.0316745884446373,0.00800053357761798
"A[T>A]A",0.00519073013084905,3.48985039998322e-11,6.56626809116559e-17,0.000425475904389584,0.00946880365447433,0.0139072171778462,0.0187295632857496,0.0227081702288974,0.00452598182757254,0.0356219521122808,0.0267383675210366,0.00320440721090572
"A[T>A]C",0.0100479883471908,0.00635403682280001,0.00771931254201989,0.00372699753214262,0.00510932642796886,0.00997137294291391,0.00388060503453069,0.013018775632422,0.00155309766835189,0.00604250183315743,6.97158882234698e-43,0.00213364702624178
"A[T>A]G",0.0060503419503913,0.00418252262882008,1.00232022023397e-05,0.00594523717272112,0.00770395062944142,0.0190989581377463,4.1253088295607e-14,0.0169921316766491,0.000852551679790757,0.0138918695978797,0.00396649276516936,0.00305742203259086
"A[T>A]T",1.99348552754744e-08,0.0050032880644946,0.00624129457139553,0.0156692159595912,0.0222754012393713,0.0252542958395105,0.00805900900471198,0.0311589013249849,0.000588710289150485,0.0275394310980463,0.0214715409014856,0.00541656073806554
"C[T>A]A",0.00151504036044058,0.00193999375899084,0.00618943785268274,6.87640929102974e-19,0.00486808251986408,0.0179074323958691,0.022177599673361,6.60331033396771e-12,1.28879251730791e-05,0.00961301341899375,0.00334077915566732,0.0103148786247005
"C[T>A]C",0.00264915512142662,0.000644473185039203,0.00192224232050112,0.00367991176294606,0.0100827050495034,0.0192557501932176,0.00565134814622843,0.00835628441460769,0.000751544120589058,0.00333111674268911,0.00674146003742667,0.0139283890717153
"C[T>A]G",0.00343483536503244,0.00145604620342097,0.00242729653597596,0.00508259371752017,0.00718035332721734,0.0192056222954266,0.0044422850778611,0.00694922382451351,0.00182896052057426,0.00343930562457314,0.00634681305231344,0.00730501629448198
"C[T>A]T",1.36044637898982e-21,0.00277833410611452,0.0125623188914713,0.0106368658389543,0.0127010581185632,0.0417590258043465,0.0159778021988613,0.000156653599248003,3.17077850306691e-06,0.000112843210723607,0.0105506537837099,0.0220055842821483
"G[T>A]A",0.00158787376904228,0.00242503084215759,1.45614480936234e-05,0.0027588082099123,0.00418087533691095,0.00248946770787517,0.0215057312012231,0.000887596807158082,8.64457907753843e-14,0.00809681333266892,0.00226487872710248,0.00145059884252927
"G[T>A]C",0.00287338778049346,0.00145771804238201,0.00235560527334884,0.00240376193861486,0.0029335707576787,0.00241995918841786,5.76043981410737e-05,0.00287476468247218,0.000887417084006529,0.00577890842107244,0.000555817200322438,0.00344143349466423
"G[T>A]G",0.00280134015474456,1.70384449345413e-05,0.000181868227454368,0.00585736667433335,0.00246378883692327,0.00712567881766763,0.00799211349134701,0.00440677100921801,0.000284934450108101,0.0047298692550929,0.00486448637364311,3.10067137632376e-25
"G[T>A]T",0.0032216976554633,0.00174493387255453,0.00818332320568696,0.00313475987356057,0.00570247214322045,0.0204387199703215,0.0139288011503591,0.000279268414815053,2.16265977834042e-07,0.00584302976616848,0.00958744953412043,3.3296658947667e-51
"T[T>A]A",1.36044637898982e-21,2.04552725690095e-07,0.00587976975319479,0.0203751497450629,0.0196468245494877,0.00412249051848424,0.0337418872293041,0.0176942638505027,0.00295955528108411,0.0339614038650706,0.033548324136904,0.00517086843471511
"T[T>A]C",0.00158206083537882,0.000890665382914738,3.27247733999674e-06,0.00437710359794041,0.0022096966467772,0.0083082589721157,0.00432227556545917,0.00633331973592705,0.000259056750157305,0.00438548099843709,0.00175585712350068,0.00124624511964327
"T[T>A]G",0.00244199603485199,0.000255300341957731,0.00263216493996935,0.00567982998137907,0.00237255207575475,0.0117922458749779,0.00361404525373346,0.00368562313927984,0.00149916817725621,0.0243271255500723,0.00653605780401776,0.00193064051917982
"T[T>A]T",0.00452118199103403,0.00587131398790802,0.0074913206820962,0.0175363717561532,0.00994309303470066,0.0350899289827232,0.0177239128152458,0.00274235647468369,4.35151880152545e-07,0.0202765339818441,0.0944591115084936,0.000933000813753784
"A[T>C]A",0.0280096143547632,0.0179927368728526,0.00897944055573793,0.00303228490848363,0.012494664835498,0.00705504996278859,0.0291285485316199,0.048059972530135,0.00216619481105473,0.0324252978527375,0.018023751091427,0.0077164527759497
"A[T>C]C",0.00672736274203503,0.00554321815354596,0.0101651575260805,0.00611517585110704,0.00388504507293754,0.00734806346326871,7.6708493521313e-11,0.0247319637594139,0.00143986424895457,0.00902124637170758,0.00508455242876379,0.00391867692573921
"A[T>C]G",0.0274032090038236,0.0144428838672917,0.0155217634346388,0.00342296190821638,0.0105950329963643,0.00649785209555049,0.00436703901715914,0.0324569631525068,0.00242741159955937,0.0107128617721587,0.0148444088502953,0.00420546775216191
"A[T>C]T",0.0387342860823908,0.0120894560719789,0.0146535757118167,0.0130742905015693,0.00805903934105286,0.0114412755008934,0.0108859233308395,0.0356241309738798,0.0030780091250073,0.0290211841586334,0.0162224116040619,0.00472302831416263
"C[T>C]A",0.00658386865999322,0.00494073453831317,0.00477922725706679,0.00937949691951838,0.00642691425789994,0.00185189309170066,0.0102042561370316,0.0209037423085904,0.00247477467248791,0.0123005287614322,0.00452310040800436,0.00582612463996362
"C[T>C]C",0.00555202843166481,0.00775570881202804,0.0162797164259751,0.0108053790723663,0.00719775577359981,0.0158842890388776,0.00528120759652191,0.0153923643298571,0.00217179558256126,0.00745952671348741,0.00498872441501489,0.00925236676179198
"C[T>C]G",0.0128787924942474,0.00899609325785813,0.0132152462252661,0.00442991633285123,0.00849419932214697,2.3097248457341e-16,0.00655713308379938,0.0244266933727525,0.00107932964193557,0.0108299330458195,0.00447180976329383,0.00690048893245293
"C[T>C]T",0.00644562352086153,0.00629994897014691,0.0507136817360798,0.00720498131680408,0.0137246385396591,0.00969319684843719,0.00424531787552226,0.0230588031813141,0.00364116959864932,0.0117933351727907,0.0187508066199702,0.0224025418982154
"G[T>C]A",0.00405113864809632,0.00618449988248679,0.00741387269336568,0.00980419546502416,0.0082098556022591,0.00625588248070298,0.0142222780353682,0.0230212345978597,0.00192182438646006,0.0160094466702946,0.00253055267162449,0.00221345644381357
"G[T>C]C",0.0070348216193376,0.00195345620352098,0.0217432968310161,9.80797190381225e-05,0.00238400316610667,0.00537220898976073,0.00191406143339322,0.0132297593175351,0.000712859407292614,0.00324165655582241,0.00606292111569654,0.00191391098995489
"G[T>C]G",0.00769745742642713,0.00203375178120018,0.00692230791213477,0.00806852060542917,0.0106706177157926,0.00588225786857068,0.00545451013919387,0.0273194366788161,0.00325469531549722,0.00686244469946376,0.00364628470994303,0.00521439953324642
"G[T>C]T",0.0144276895167421,0.00906002404073094,0.0166419103972499,0.00624900189173716,0.0111267156436548,0.00867516031838758,0.0137388867703017,0.0284675672847673,0.00214237468202186,0.0155978501887616,0.00396685048379478,0.00455460654376428
"T[T>C]A",0.0103664322256242,0.00524879004995258,0.011902438569191,0.0080988588090675,0.00971530248869806,1.84881163249216e-21,0.0282665217730313,0.02847851920887,2.5821168761397e-19,0.0180115927675774,0.00468503352561344,0.00415415821257
"T[T>C]C",0.00539139204282026,0.0069129807284132,0.0350236797283211,0.00796527493770547,0.00496647206240921,0.00684888012539985,0.00334107802941251,0.0147413600195798,0.00104704636118078,0.00917834790097719,0.0223616225627997,0.00322148547720017
"T[T>C]G",0.00820588396738015,0.00393310375568702,0.0120012184453566,0.00548956807665604,0.00816626100953409,1.84881163249216e-21,0.00288856160694457,0.0237854105970038,9.42232368113083e-05,0.00453125221081415,0.00806678134242676,0.00300762475797116
"T[T>C]T",0.0140039683093578,0.00691908981757082,0.0144399546827833,0.0104070164751154,0.0145951518214952,0.0115115823241914,0.0102876559279357,0.0375908264964669,0.00239072621961206,0.0300931917057023,0.184065951949913,0.00375305673157991
"A[T>G]A",0.00380440801247684,3.03692700553508e-14,0.0127074773060761,0.00506551671972464,0.00278076754857751,0.0048164080621188,2.48433737256642e-21,0.00796119058244929,0.00234275075043079,0.0647896654825579,0.00470470662302891,0.000370406666018994
"A[T>G]C",0.00165715591773027,1.69816699782046e-21,0.00171397122677811,1.97580916394636e-21,0.00499001078937039,1.84881163249216e-21,7.16400949874842e-07,0.0036212841189174,0.00147508809642006,0.0102408278389526,0.00299669920895271,0.00185649618172672
"A[T>G]G",0.0049257467743688,0.00209219602387265,0.00166292765368742,0.000691386186119097,0.00338150696412007,0.00873523882350214,2.48433737256642e-21,0.0091504706727649,0.000384919176005075,0.00750949734809513,5.8033095322044e-12,0.00467215064563649
"A[T>G]T",0.0037514748293045,0.000363628565224304,0.0304328107425497,0.000219216496290499,0.00685136847453106,6.45220956481327e-07,0.000389884887560513,0.00903696627745962,3.28874087678083e-06,0.0104138834004417,0.0101505606107124,0.00261883095293372
"C[T>G]A",1.36044637898982e-21,1.69816699782046e-21,0.0165466392147059,1.2127596528103e-16,0.000578435707529213,1.84881163249216e-21,0.0140787009517319,0.000435510645172683,0.000138818650388848,0.0289095146539473,5.87579076138352e-08,0.00101914596955673
"C[T>G]C",0.00124614468560449,0.0031743978761686,0.0107767091787939,1.97580916394636e-21,0.00479570046336031,0.00246139646384662,0.00452774877860624,0.00707930152199916,0.00166995755207522,0.00585204623034612,6.65150372571084e-20,3.88594932162831e-09
"C[T>G]G",0.00409486235610467,0.00302334675723289,0.00933401724943909,0.00336234773455064,0.00428844145223997,0.0101104397368994,0.00278256162938369,0.00819074977271897,0.001730526509231,0.0120135162363194,1.32447750144432e-135,0.00214315713562232
"C[T>G]T",1.36044637898982e-21,1.69816699782046e-21,0.137801232909867,2.83485410360206e-08,0.0186903374939695,1.76699031362903e-16,2.08885981110452e-09,1.83589314635795e-15,0.00428732127597699,0.0103226490234944,0.00576470780453187,4.71104342211404e-05
"G[T>G]A",0.00116516547374555,0.000524214033643858,0.00181302900499515,1.92459308261465e-14,6.94003917184425e-14,0.000588468533534194,0.00972548339331538,8.89670876040482e-08,0.00192175885710771,0.0132393094257808,0.00197924411185561,0.000525552438392491
"G[T>G]C",0.000334840832075693,0.00103582797088832,0.00720784181691082,1.97580916394636e-21,0.00195106502381916,0.00126913821382062,0.00204946428333582,0.00258653674016663,0.00154744965825001,0.00391175247243309,8.15347931627144e-44,0.00326650598958018
"G[T>G]G",0.00515433833121272,0.00459735268835511,0.00568969018301409,0.000109192829388811,1.64814439760312e-21,0.00833359013487045,0.00350885953480956,0.00267179370738293,0.000457105139773612,0.0039780678233268,2.38429743100361e-10,0.000492597077343929
"G[T>G]T",0.000822810995753644,0.00141227146132167,0.0714593828103148,1.97580916394636e-21,8.66690220953471e-06,0.000480532748026568,9.64971364939932e-18,1.7318713877538e-21,0.00475936180239694,1.05540798306379e-13,0.0112561060904245,0.00107401677129627
"T[T>G]A",1.36044637898982e-21,1.69816699782046e-21,0.0274933388122307,1.97580916394636e-21,1.57714734062451e-21,3.45263861045651e-05,0.0174386501102981,1.7318713877538e-21,0.00585035438292974,0.0890975636892507,0.00169566614642197,0.00260060513010275
"T[T>G]C",0.00214746091429095,0.00245955060414065,0.00713689958957805,0.00131895829761938,0.00273975763545859,0.000782813352220917,0.00077038268839107,0.00755891239131041,0.00148434645205304,0.00816079115387937,0.00401651881282622,0.0010037057331667
"T[T>G]G",0.00415250440713596,0.000294292073193886,0.00438081848021496,0.00839658616660222,0.00442067946364001,0.00896941126721179,0.00320681109929743,0.00651460792372596,0.000852050094680545,0.0158018874044572,0.00640327435258625,0.00211956359305072
"T[T>G]T",0.00162164796704097,0.00176293989120351,0.0692334644814153,0.00975528091836084,0.00150095061505722,0.00682067631519656,0.00241315975822606,0.0120152172094048,0.0096856900315648,0.0482114011161922,0.0778313672565377,0.00201600087452411
