"","GEL-NET_common_SBS3+8","GEL-NET_common_SBS4_a","GEL-NET_common_SBS4_b","GEL-NET_common_SBS92","GEL-NET_common_SBS2+13","GEL-NET_common_SBS17","GEL-NET_common_SBS1","GEL-NET_common_SBS5","GEL-NET_rare_SBS44","GEL-NET_rare_SBS7a","GEL-NET_rare_SBS57","GEL-NET_rare_SBS100","GEL-NET_rare_SBS156"
"A[C>A]A",0.0221624967156198,0.0331482307061489,0.0750071185081229,0.0212325347249506,0.0118926878428305,0.0118275530849202,0.00834774131598125,0.0135561002332418,0.00220646092692579,0.00354239532048884,0.0217315796900751,0.00952440926908691,0.0226535431814077
"A[C>A]C",0.0233652726759401,0.0257935427212993,0.0336273603147193,0.00864831412337731,0.00347883913722157,0.00280809108087258,0.00479633732664959,0.0135846810565916,0.00226478120524802,0.000460932220611039,0.0215786152408922,0.0116675742879911,1.9927505650249e-17
"A[C>A]G",0.00212380671385838,0.0139021179063453,0.00958716013108999,0.00657508726116384,0.00239762882037837,0.00111135109329395,9.44513653232759e-22,0.000188054197768508,0.000377036113732727,0.000241179529053685,0.00407868462268614,0.00133522228782125,0.00654175707224174
"A[C>A]T",0.0211553601924274,0.0190472159295892,0.0539177890263946,0.00715165238547748,0.00494976730176929,0.00711549729706071,0.00335183099493624,0.0083221901093983,0.00550853064289466,0.0012509128010629,0.00584289680737134,0.00434733454357685,0.0188816869357277
"C[C>A]A",0.0125506850935402,0.0756115692879134,0.0575461175931792,0.0124937690790714,0.00788356381399732,0.0100761672915357,7.51844457389409e-05,4.26851697026273e-06,0.0133022811472385,0.00335153119336437,0.0183784553472025,0.00531695019705478,0.0331802674710044
"C[C>A]C",0.0192456964807064,0.0735843429092307,0.0436962275139764,5.83091552424938e-05,0.00573457911973505,0.00463629067609569,8.47544884976873e-06,1.03579042318918e-11,0.0210839714114195,0.00148775202657516,0.0141619722026458,0.0091666414633665,0.0228020806594842
"C[C>A]G",2.44988047237375e-13,0.0230837215419427,0.00196888821789124,0.0017433654586824,0.00171875727071872,0.000181466590651154,2.7829937300226e-14,0.00109275834894346,0.00325578572444013,0.000294497904097482,0.00262704000381744,0.0014241034574005,0.00962671491292253
"C[C>A]T",0.0124085123991458,0.058069878543639,0.0565408386387788,8.06811499412599e-14,0.00746481342180433,0.0156006012256521,9.09282176642289e-05,4.92065043850478e-06,0.0633865722605193,0.0026015991356417,0.00547768036924825,0.00150767841262376,0.0160462197476049
"G[C>A]A",0.000148858382698474,0.0228595045552311,0.0453011185935248,0.0209385193428399,0.00726677895643523,0.0128612423018932,0.00949159291707265,0.000421057608811087,0.00127982632046872,0.00189655971380517,6.49614094272816e-05,0.00986819634244546,1.00487433448815e-10
"G[C>A]C",0.00957325070037173,0.0351273903298102,0.0178622904075176,0.0131969306423575,0.00438235047535997,0.00208359484933527,6.97904973881583e-05,0.00665407309149684,0.0047638175044087,0.00016640232916752,0.00411891911778559,0.00297444795044783,0.00573080425667991
"G[C>A]G",2.7487292228739e-14,0.0161279989135541,0.000894772955180995,0.00667693247534481,0.00206603499380883,1.52954417389748e-19,0.00159964820017052,1.70393993083603e-05,0.000729935552891168,0.000123642234376271,0.00327294032742567,0.00252298470092302,0.001299545531883
"G[C>A]T",0.00433536210612948,0.0167672050079026,0.030427817975593,0.00744245077932779,0.00571897948085411,0.0102635992980238,0.00929386866779209,0.0025852857478715,0.0114074884103387,0.000585113320221304,3.04771371576773e-09,0.00315722779338279,2.28947889257278e-35
"T[C>A]A",0.0153872847710964,0.0338755271877287,0.0568005953371655,0.0269786749164697,0.0206403111493783,0.0131021677284841,0.00820665019318665,0.00409976183883573,0.00162256290975345,0.00327206580717578,0.00880396154708708,0.0146818490785959,0.00475197707448875
"T[C>A]C",0.0187468753722809,0.0479744934161711,0.0437709295181488,0.0169381662489603,0.0104259896348574,0.00663300608931119,0.00649925465397046,0.00235611863771918,0.0036370334334904,0.00341058209593453,0.0116550391738664,0.015321210079725,1.2093397230492e-14
"T[C>A]G",7.50423099250974e-22,0.0093664492639787,0.0029797647688678,0.00541489866889419,0.00237136417498167,0.000215370822532347,0.000412505084220781,1.20398469588129e-05,0.000839207906257638,0.00018861467136411,0,0.00257107364551082,0.000589674821331802
"T[C>A]T",0.00967770397940217,0.0310181182411051,0.0671990244519141,0.0162875035340771,0.0177644518884149,0.0226914268870962,0.0220189518502523,4.61675213925435e-06,0.0159637923651268,0.00310801044768319,0.0129412569243016,1.96366522331032e-17,0.00890058876818347
"A[C>G]A",0.00845603596120543,0.00479762451608416,0.0221718832306554,0.0147343426254774,0.00300159235308824,0.00260307594207643,9.84313413151799e-05,0.011558049282801,0.00323757126973261,2.05745692896959e-11,1.3213926854318e-32,0.00675311127410311,0.0189996237164962
"A[C>G]C",0.00499123127813572,0.00217175741041195,0.00852393985949476,0.00947099284744911,0.00066933410560765,0.00327208405520725,0.00162263949295924,0.00605701101350934,0.000554988361242971,8.40778329992351e-05,0.00512937769421868,0.00015154466723882,0.00133092260516011
"A[C>G]G",0.000190141945599226,0.00117764372116819,0.00367012873669158,0.00442398011760545,0.000370919654776024,0.00100638617626529,4.2732050155238e-20,0.0015320895616909,0.00030004389124313,0.000334409437129283,0.00146438653929753,0.00380614120544744,0.00486911105100627
"A[C>G]T",0.00576580035489745,0.0049504145145913,0.0128679801688368,0.0106979415889156,0.0032170856852634,0.00337161696348081,0.00477876045244686,0.0130349200606643,0.00113798626425078,0.00025059646032362,2.6525326155957e-09,2.32310414555858e-12,0.00720345565334439
"C[C>G]A",0.00487798846832557,0.00806284356861743,0.0116899414237152,0.00803053789103142,0.00195596987458815,0.00196274479910833,5.39734061342554e-11,0.00601495020583609,0.000732908159261351,0.00027315791407512,0.00524952777212775,0.00470257553507821,0.00998568865110008
"C[C>G]C",0.00561814772242328,0.0075555720538708,0.0070166487382149,0.00551584848732332,0.000546629742311404,0.00228105533668602,0.00203671285460077,0.00837378290061625,0.000561503285360926,0.00032144489282352,0.00156220396339357,0.00379069313218598,0.0157604370504533
"C[C>G]G",9.24784145443173e-05,0.00349618366772369,0.00226980518956743,0.00423707339081736,0.00118094696849946,0.000690615647180309,0.00305931870134789,0.000471950192731984,1.88650943324063e-106,0.000425949996309258,0.00273615062878567,0.000677700783818507,0.00830248521393257
"C[C>G]T",0.00653071565129785,0.00827333818166673,0.010146661769107,0.00967244706343899,0.00412008199746675,0.00428602695019832,0.00736153787705241,0.00893612632254686,1.99357691374328e-282,0.000519816663108991,0.0107230636709514,0.00407969549609701,0.0106517113607021
"G[C>G]A",0.00172056219548142,0.00409074404829071,0.0102598950119659,0.00585651435490082,0.00159670849734628,0.00145074614993797,1.00027934604793e-16,0.00414943050604583,0.000897091172178866,0.000118768066023536,0.00396839273756586,3.44236839941502e-63,0.0110937246006086
"G[C>G]C",0.00440641238865067,0.00777065438010129,0.00462336835032761,0.00525655122730833,0.000756607570287766,0.0014705871893696,0.00188217775685579,0.00598812340628993,0.00114924246136248,3.50350882765645e-19,0.00507631778605313,0.00693947788793647,8.84174178561287e-59
"G[C>G]G",0.000890439173177687,0.00356722254651706,0.00168800905232218,0.00230455734652555,0.000529955348169295,8.86700485856521e-22,0.000422045838530915,0.000216610093895702,0.000281806989119583,0.000161590901489668,0.00138671093290518,0.000297174841318693,0.000923273911706151
"G[C>G]T",0.00612366633960056,0.00375043952522431,0.00657255916261304,0.00511646683378655,0.00245598132846766,0.00173608132010819,0.00236518038433326,0.00484003547095644,0.000788538316449099,0.000318148552734262,7.359658154874e-27,0.00537771529746385,3.50723716036105e-07
"T[C>G]A",0.00886641079391319,0.0174357099185497,0.00243641329883876,0.00436667581347416,0.117058717892392,0.00987666037008719,4.11392367568528e-06,3.5108552753003e-05,0.00105942097184711,2.61151232637578e-68,2.93445113754712e-06,1.2900097696167e-20,0.00640167129219
"T[C>G]C",0.0101433382115778,0.0122801224328007,0.00642448200790743,0.011640305472335,0.0219932452910847,0.00945799948163274,0.00557412047567188,0.00688940396813727,2.9079996249009e-280,0.000777059647333941,0.00456427130392958,0.00371031202157426,0.0161656236874725
"T[C>G]G",0.000945157418607555,0.00174772040849086,0.00216512444289111,0.0021414487445915,0.00453133448959773,8.86700485856521e-22,0.0019831657289999,6.95532741028577e-22,0.000219673533456911,0.000137000576055448,9.28008880140018e-45,0,0.00172667647752
"T[C>G]T",0.0305177151041973,0.018287188521726,0.00316506594793554,0.00731454357201734,0.140127110301356,0.0313125488644239,0.00427534509463004,0.0136462829940045,0.00121825867773322,0.000898864398332954,0.00626043193024866,0.0126125144989554,0.0113767412656787
"A[C>T]A",0.0139455217653543,0.0121098684926706,0.0182354336506485,0.0108139722763311,0.00869072986127854,0.0235659315341469,0.0209315005756628,0.040885334769107,0.056010483259157,6.9144876620354e-56,0.028495013943951,0.0292248770131099,0.050484131926904
"A[C>T]C",0.00620346103177489,0.00822102291253085,0.00358455151785207,0.00588976416101668,0.00169361860696766,0.010348833474865,0.0138077717895847,0.0226590572101645,0.00914340175356089,0.0179020409360073,0.000196873536601913,0.00980466840735859,0.0180861380265383
"A[C>T]G",2.64482622876911e-09,3.16277392172696e-05,0.00361203252445495,7.11464807081257e-05,2.26148828267006e-11,0.020343222372939,0.148893189882815,0.0128496532034844,0.0366943259299568,1.82636406380132e-14,8.65700085632293e-05,0.0020540548253291,0.0481471245197879
"A[C>T]T",0.0135399579521032,0.0064288025924614,0.0125879132095574,0.00675715478787302,0.00508603688654534,0.00856626519676774,0.0169683474078221,0.0260300648448537,0.00974755237713815,0.00828180101658475,0.00520359378066762,0.0160488413373603,0.0150293785526876
"C[C>T]A",0.000559982291386616,0.0277689676905833,0.00345203742253469,0.00853677206807622,0.0118382331719171,0.0221876223572692,0.0181886973436635,0.0376384851410111,1.44337345945225e-32,0.0586464344839204,0.00305687615344674,0.0335672951989807,0.00924446025501656
"C[C>T]C",0.00328003376511257,0.0198255220727841,0.00591030557317954,0.00487849125648138,0.00397626316891646,0.0164592716163976,0.0169446413754427,0.0373823994762121,0.00681171205528218,0.100067696905252,0.0108177238649886,0.0209166710008957,6.06163647472042e-05
"C[C>T]G",8.81574682274689e-10,0.00566868606144919,1.20658053430749e-09,0.00312301297302749,0.00123463734691979,0.00969296110160348,0.0737635555775365,0.0106174491597582,0.0211319366605563,0.0110188836302634,0.0099411141441037,0.0141183710352317,0.0199416075617167
"C[C>T]T",0.0120452690874808,0.0256466185567801,0.0123122699115287,0.00951629776076237,0.00908179924804349,0.0108232584060924,0.0146705361092047,0.0427430335018597,0.00709347038681922,0.0882911652050179,0.0112935960706127,0.0272439154778141,0.017392650290864
"G[C>T]A",0.0046052769990685,0.00815410829325394,0.00700569364313351,0.0134936672839752,0.00720550278428542,0.0129007266090869,0.0196213955742996,0.0263725634978064,0.0315425346132478,1.7704953065081e-87,0.00974155279584638,0.0205862554596084,1.0976400862602e-19
"G[C>T]C",0.00571894736725547,0.00762768566291658,0.000361694858092145,0.00871448077719977,0.00388172302678689,0.0116414953043172,0.019686547520203,0.0253168105204475,0.0463056454320468,0.0110166889425481,0.00677399483386485,0.0216890490321467,0.0165494945025852
"G[C>T]G",3.33942729430096e-12,0.0028784832281981,2.57672593419744e-15,0.00150502952593768,0.00167948949826272,0.0138368377985301,0.0916466244897261,0.00529824188236445,0.0776389344761136,0.000101679289124838,0.00939817106586255,0.0157438277491077,0.0141549221062978
"G[C>T]T",0.00968387693050192,0.00444438274490753,0.00573197021353618,0.00813436787103084,0.00462495432792795,0.00293309039376737,0.016561629675067,0.0280209520309518,0.0303908281250475,0.0100743585172352,0.00981792290182124,0.0148290611357793,0.0101258526710987
"T[C>T]A",0.00362524224807991,0.0052702882049789,0.0130573126340501,0.006530735186167,0.212430288679416,0.026004914320334,0.0198663336804066,0.0150783344171811,0.00222364863925521,0.126184509836783,0.0168942485351324,0.118534963858786,0.000408441907188956
"T[C>T]C",0.011532312561122,0.0115229636631717,0.00763164213372969,0.00785380466044899,0.0476487491334305,0.03095112992058,0.0224984149935954,0.0349454779003915,0.0043112790511515,0.249579402426045,0.0126218190802236,0.0889576530767399,0.0104847296136845
"T[C>T]G",1.53664255114485e-09,0.00042429805686219,0.00202670598548895,3.69873784950625e-07,0.0190835185085958,0.0106921624038854,0.0610825102496948,6.91242241162248e-17,0.00961590317570461,0.0434443708293008,0.0119165740124676,0.000725541811705526,0.0113858316850481
"T[C>T]T",0.0134848752776517,1.34593120690725e-06,0.0256395942848675,0.0101020163192917,0.1166072760417,0.0185590698766964,0.029239529824849,0.0164831006715663,0.00715596646941905,0.128640926008573,0.0327476722823213,0.109733096678481,0.0303307070705353
"A[T>A]A",0.0299730847542333,0.00549785172847202,0.00866708977978922,0.0178977994029562,0.00261066771460269,0.00389773769102949,0.0110188022674022,0.00879641106054227,0.00424665142689598,0.005855996880614,0.0223990021973248,0.00198590287320559,0.00655542062383437
"A[T>A]C",0.0191182218787603,0.00303346202929249,0.000508446228637436,0.00436568611778188,0.00108330330601834,0.00386272225404756,0.00886690688192294,0.0126893500774239,0.00445981743722597,0.000791815222323418,0.0121636845302071,0.00434834551540507,0.0134911701470605
"A[T>A]G",0.0249860751671464,0.0102337202258321,0.00637050900266064,0.0151409284692114,0.00319905693989269,0.00201519683026733,0.0104807798186353,0.00733470230443731,3.62121101024419e-14,0.00248297554169056,0.00671904836338628,6.8353709551833e-19,0.00782316776013408
"A[T>A]T",0.0273427689684082,0.00219656606483368,0.00619917896849283,0.0102115220597723,0.00245688340766881,0.0134897227899675,0.0166640143545911,0.00882229667968634,0.0232409787931407,0.0155449418781251,0.0114347028051227,0.0113362573928174,2.87311510313858e-19
"C[T>A]A",0.0228456402282544,0.0125591442923474,0.00784596201881272,0.0128767524796786,0.00202290936940754,0.00522594904324501,9.95778095244316e-06,0.000820050418572843,0.00132004160911104,0.00143653051262959,0.00803010613978872,0.000830895312465637,0.00383760980272136
"C[T>A]C",0.0216048189436994,0.00977909252117306,0.00204826608552723,0.00747893141581324,0.00228103870496579,0.00649776415233558,0.00169183810331155,0.00762563690330726,0.00616264420160568,0.000926617266631922,0.0101012165697043,0.00750108894571504,2.9416309188204e-22
"C[T>A]G",0.0304089643827376,0.0352539534890651,0.00125877307812191,0.0123190648828683,0.00395850367732427,0.00323846765909107,0.00187739614278965,0.00668579362641686,0.000747636528599241,0.000890622900620797,0.0045900315564503,0.00500029010976504,0.00935603735574939
"C[T>A]T",0.0301687873097623,0.0102795926808023,0.0109522293223998,0.0123633814006258,0.0021227983516518,0.023379540316661,0.00454250431613076,0.0015604921467674,0.00213196122325727,0.00302594442624094,0.00922020856668092,0.00894388577742927,0.000675719363720985
"G[T>A]A",0.0106010300874717,0.010387170588221,0.00440635759283968,0.0139298204124386,0.00264494919741628,0.00180892980822416,0.00078358575295882,0.00012687248155528,0.00116099828720147,0.0013050382789986,0.00189850530536247,0.00297947028853343,0.000861973380723414
"G[T>A]C",0.00840543345601476,0.0026525679082958,0.00192151232608451,0.0049003131056272,0.00148557877451774,0.00205172735316896,0.00252908668463807,0.00319343969546671,0.00357723053644106,0.000259732256448033,8.5488911801771e-15,4.44928167879798e-08,0.00573538506117766
"G[T>A]G",0.0129640105950691,0.0141811089742241,0.000365879826377171,0.0116324622132572,0.00328239448459418,0.000655018029236981,0.0027825766987517,4.46750019477765e-05,0.00261656151896769,0.00092642567527168,0.0032784742350069,0.00468479368853288,0.00773558224392904
"G[T>A]T",0.016359625949482,0.0038007469130217,0.00398741702038797,0.00865804824900782,0.00242446934641956,0.00506534053447565,0.00127634666306651,0.00713217966879921,0.00361051985249159,0.00112132251854896,0.00331568316297441,0.00648160848185656,0.00253347843025086
"T[T>A]A",0.0211570149497182,0.00522230387660944,0.0108140532501449,0.0200825527681431,0.00340300700660551,0.0183122326597577,0.011564093463563,2.05823468717765e-05,0.0145775017761359,0.00380236609750306,0.0368608114004,3.07502244135058e-14,0.0102514228480477
"T[T>A]C",0.0180713614196084,0.00268188454377591,0.00377024339549873,0.00654921955574657,0.00163617703307589,0.00427986353130836,0.00423584340664338,0.00629726659888501,0.00125030793997388,0.00188209738627883,1.39271937754212e-07,0.00859769100149607,0.00162090082022889
"T[T>A]G",0.0133268386533345,0.00858622125544034,0.00380305318368227,0.0120063672694159,0.00158102384984572,0.00232037379380925,0.0026797182488855,0.000999017732225093,0.000739186152702078,0.00125440571967688,0.00629535201557071,0.000931239741381984,0.00578980086231354
"T[T>A]T",0.0320306785453902,0.00320533989329083,0.00808728019777955,0.0134813853850893,0.00425919666035802,0.0157813867214536,0.00570753765111979,0.0101064211304655,0.0224025218878303,0.0096581336735429,0.0676062494537986,0.00683579788817622,0.00829402957443997
"A[T>C]A",0.0176803724051092,0.00693537978676188,0.0141333064245586,0.0701550070677186,0.0111997012777104,0.00928638796110897,0.0157592327851966,0.0418455827499854,0.0262541222877423,0.000881577684059345,0.0289064607000279,0.0177684377886094,0.0343109235162175
"A[T>C]C",0.008629440586561,5.49710823394738e-12,0.00214870594485367,0.00869819559296901,0.00197663624618956,0.00535339141669455,0.0105017235512262,0.0109541811952621,0.00704533208252194,0.000285889881614553,0.016331432454562,0.00821411950578741,0.0143950162389886
"A[T>C]G",0.0169454284897561,0.0100375799085808,0.00334634568983966,0.0417299219865059,0.00560748861046439,0.00185984146140322,0.00758695038704713,0.0312222757868928,0.0259473899150266,0.00068759234638702,0.00892465959914875,0.0262763816971917,0.0540659614756867
"A[T>C]T",0.0318375589237491,0.00204786094463624,0.0037479579056572,0.0301614828327857,0.00353885962159728,0.0125532652544478,0.0240389099544021,0.0465382239264222,0.0050462740829838,0.00208164301778427,3.46662163463381e-08,8.45600152976718e-19,0.0334371425876621
"C[T>C]A",0.00672480246387683,0.00903944183241369,0.00397733309691728,0.0274011711724201,0.00265240267873099,0.0067322163211234,0.00870777675915711,0.0121760194596722,0.0141326500382361,0.00178009422306144,0.0102766800419348,0.00934252024907501,0.00505384678525058
"C[T>C]C",0.0146241743581134,0.00311686976490273,0.000283953729682197,0.00631299717050301,0.00230157398734475,0.0152947933785784,0.00607039725197118,0.0127715909130646,0.00941030929868884,0.00035863907000156,1.9906505797596e-29,0.00673956563273555,0.0138168501984824
"C[T>C]G",0.0090993552092672,0.00899428570950975,0.00267551310934876,0.0196622655611709,0.00323596029210862,0.00995641075893568,0.00465263814432677,0.0160034807067051,0.0279884811228002,0.000370684785706334,0.00174741605381706,0.00833147932317384,0.0242832824187674
"C[T>C]T",0.0020156059340001,0.00405374565082215,0.00323700640131431,0.0167713308598759,0.00365348905771809,0.0482415841497038,0.00535154464132457,0.0148038373394656,0.0215662343774925,0.00933739777678324,0.0249069199529944,0.00667714190521691,0.0142863681522685
"G[T>C]A",0.00664767477483808,0.00447145759464644,0.00256176044298335,0.0273204631028977,0.00485339247298352,0.0022101978919935,0.00534328400950375,0.018799653577306,0.0267450883773661,3.07358014190526e-52,0.018253916852699,0.0272381542597508,0.0042380895808698
"G[T>C]C",0.00800033477359802,0.00114663655745579,0.00157331331090547,0.00572836600667298,0.00164825416373454,0.0105354495142211,0.0101836342098274,0.00745061255277896,0.00931077158311438,4.93303266799448e-17,3.84049882143159e-14,0.00591440050179824,0.00377562824375367
"G[T>C]G",0.00842397069729895,0.00506654147902131,2.66375851098887e-05,0.0208788840663667,0.00220209734459508,0.00240716191272097,0.00953472939350066,0.0118698074776953,0.0234227574513322,0.000123719190396842,0.00888954771894158,0.00784982466832077,0.00888232163448649
"G[T>C]T",0.0104351620777926,0.000767032603911568,0.00264933946147586,0.017627715996536,0.0026470339109402,0.00956069413077446,0.0106350288989589,0.0221678982983544,0.0135861595213405,0.015415130781359,0.0190458321957151,0.0185809454046924,0.00978191322278592
"T[T>C]A",0.00804040601557152,1.68680347628728e-09,0.0098845545324499,0.0337444047218101,0.00595240307411739,0.0109560878728883,0.00968499096067927,0.018267456074189,0.0173233090452577,0.004789404047266,0.0205333913780937,0.0173272038171802,0.0284353884282363
"T[T>C]C",0.0145884975126008,0.000181804199208346,0.00276128237146541,0.00728046234403351,0.00208882773523861,0.0120215372562281,0.0106215607331379,0.0113076606946007,0.0171108747876808,0.00139130875617146,0.0206861620358645,0.0162265828665487,0.0153277233168316
"T[T>C]G",0.00776787214301101,0.00372429748177432,4.24581931748153e-11,0.016862141769574,0.00192484572064333,0.00387608777040814,0.00516257534096681,0.0127456385852418,0.0172632015026907,0.0023112823145666,0.00520901495743437,2.5472686878983e-08,0.00803730406029559
"T[T>C]T",0.016999036556188,1.76065722399808e-06,0.00354204287750043,0.0177477222898827,0.00170614164270977,0.0151548769141096,0.0109766819765214,0.0262900534070905,0.0351372154173047,0.00385267996637389,0.150573130685261,0.0124464837658117,0.0256565674768512
"A[T>G]A",0.00934997101548996,7.02962862027277e-06,0.00329292278580711,0.0054869170903033,0.000690763276458979,0.00245150210700873,0.00946118652544146,0.00527225636028129,2.60643329188773e-27,0.00106381271802035,0.00850468382310167,0.00606465512126347,0.00270731958187684
"A[T>G]C",0.00316995960202368,3.61104662136487e-22,0.000156514302167474,0.00194255724446235,0.000424607685329241,0.0015677933414908,0.000870526420945916,0.00450026362049078,0.00138827872198163,0.000197589476436815,0.00327844773915088,2.44182681739554e-33,0.00337468483771423
"A[T>G]G",0.00790151001700379,0.00114576487451661,0.00164264650569934,0.00447714536357943,0.0014593863627531,0.00394658328146209,0.00316615118819962,0.00737154661187974,0.000455647382787829,0.0014043156165204,2.45767986583089e-37,1.56352627547654e-14,0.00808701511111428
"A[T>G]T",0.00536248976894284,0.000677512090593314,0.00162049477147147,0.00276075610214311,0.00277960623218414,0.0195711090385987,0.00310387530334988,0.00620524851758281,0.00542599734011164,0.00106317271859898,0.0061192423755556,1.14261100664454e-09,0.0121391755868436
"C[T>G]A",0.00419204885214478,0.000299185124198606,0.00216932297228511,0.00425565520484201,0.000442172281548926,0.00345077465496111,0.00232669619020238,0.0032632025650886,0.000512713110341342,0.000355115864023796,8.16762828473896e-24,1.3546082976509e-16,0.00124461855842997
"C[T>G]C",0.0103189224934772,2.60767563612217e-05,0.000213159041406461,2.95835985922361e-20,0.000168326553853498,0.00639477477575852,0.00147556325039144,0.00948241959030485,0.00532438544204068,0.000296417885694881,0.000312820811438528,2.40719510124203e-64,0.00225929390947938
"C[T>G]G",0.0099064018934326,0.00273922956692508,0.00262108771502357,0.00664997736614828,0.00111638698901967,0.0074583113808628,0.00298921287119404,0.00280739318242961,0.00505054300032672,0.00211795688902276,3.34351155864818e-30,0.00690862086214028,0.00356208708614931
"C[T>G]T",0.00211700316900642,4.43668571357323e-05,8.97799705317582e-07,1.125332999994e-10,0.00675217290535284,0.127471714495638,5.31760842683087e-14,1.19125116748044e-09,0.0232068986768761,0.00209332954367547,1.22566500099321e-08,0.00323412981966843,0.0084250629445753
"G[T>G]A",0.0033824749775434,2.6938833712729e-10,0.00184512645810289,0.00246472511229148,0.000156430366028665,0.00124768406614244,0.00110354087255051,0.00126622987380922,0.000621934479652211,0.000380797732100471,0.00307423593009183,0.00448617775998562,1.82700747791585e-10
"G[T>G]C",0.00416155915304071,7.56568570950893e-12,0.000521053076270697,0.000260038928374618,0.000448129832839466,0.00246006691632809,0.000930570738577855,0.00291169347966931,0.00130153286683377,0.000112554133866555,0.00322493420940565,0.0017916618692527,2.03311043513955e-22
"G[T>G]G",0.00581091245280757,0.00287801669293544,0.00112032954110172,0.00360875390844864,0.000569490304592822,0.00255790698890012,0.00585899877726761,0.00303068596397114,0.0011167869030248,0.00130361836378731,0.00255114364997326,2.07001381635585e-10,0.00722288458050455
"G[T>G]T",0.00366797183356696,6.95178647933824e-15,0.00176590059814682,0.0018486347587075,0.00156456483438059,0.0293515574399577,0.00188868805274411,0.00132698979089263,0.0128534864281526,0.0035037295386336,0.0105267441680194,0.00517170694226274,0.00815424400808462
"T[T>G]A",0.00798712969180367,9.59170784160399e-13,0.00375229068497612,0.00820963397583519,0.00165204924198023,0.0051684634769356,0.00179505783332027,0.0061883689587143,0.00107895023607991,0.00138597919702499,0.00325488834836615,0.00609519268602656,0.00277057653918603
"T[T>G]C",0.00804924694823723,3.61104662136487e-22,0.00103993270044236,0.00275177732281838,0.000172686487316985,0.00444804559839981,0.000685437295051734,0.00697874508840696,0.000871170655517736,0.00104882610126147,2.04116427195223e-12,0.00272361221149059,0.00210301703183601
"T[T>G]G",0.00661326122155771,0.00167279184100524,0.00374343822556326,0.00790406432157991,0.00145901902444519,0.00490558040258399,0.00167899558176212,0.00630431139935556,0.00435325781665936,0.00143174504784321,0.00981721001200662,0.0060241026469022,0.00433443940814747
"T[T>G]T",0.0109429193510992,0.000577445660523585,0.00297069950568666,0.00692417602334857,0.00747120306426732,0.0441737266517532,0.00704531600596907,0.00865368438128427,0.0273179472835684,0.00355639496020173,0.0492767269025573,0.00604585711124325,0.00364711017234431
