"","GEL-Ovary_common_SBS8","GEL-Ovary_common_SBS3","GEL-Ovary_common_SBS17","GEL-Ovary_common_SBS5","GEL-Ovary_common_SBS1+18","GEL-Ovary_common_SBS13","GEL-Ovary_rare_SBS44","GEL-Ovary_rare_SBS26","GEL-Ovary_rare_SBS6","GEL-Ovary_rare_SBS1","GEL-Ovary_rare_SBS111","GEL-Ovary_rare_SBS31","GEL-Ovary_rare_SBS116","GEL-Ovary_rare_SBS57","GEL-Ovary_rare_SBS2","GEL-Ovary_rare_SBS103","GEL-Ovary_rare_SBS14","GEL-Ovary_rare_SBS30","GEL-Ovary_rare_SBS10a"
"A[C>A]A",0.0352268422038719,0.0130316208014639,0.0036949536254589,0.0204585039710995,0.0267668131651012,0.00163963853016132,3.83812492630159e-67,0.00560006580786734,7.6673009281831e-104,0.015550837222707,0.0104482025705574,0.00430077609220257,0.0160674049715559,0.0297322459345337,0.00827061312318606,0.0332506870521912,1.38459772448752e-159,1.04507107717652e-07,0.000947046198216465
"A[C>A]C",0.0305768255637731,0.0118947188898362,0.00290464964596727,0.0136040813478753,0.0130809522213839,0.000855880581119266,9.24034539092927e-11,0.00279516896397014,0.000843915062767211,0.0100310621477646,0.0266988374933871,0.0154711784446193,0.0100747469910303,0.00771993788316391,0.00246896039216426,2.05706878900644e-08,0.00187320776695625,6.75239325118927e-06,0.00272951559789528
"A[C>A]G",0.00304309117744369,0.00358202960340531,0.000137865605680936,0.00181229719485101,0.00425392675735506,0.000241326761310414,6.99666650583961e-155,0.000538554881786449,2.18128583645138e-110,0.0023793550874377,0.00150026518980022,0.000802123240349685,0.00170199155117765,0.0105760829822429,0.000919779872938513,6.20254306589919e-26,6.17286702986665e-05,0.00132393958486939,0.000261744168904559
"A[C>A]T",0.0343284354362747,0.00967098653456241,0.00422136413002401,0.0112387524778944,0.0137491071737786,0.000986687821903076,0.00179285527303358,0.00315587572336057,0.00244980042161159,0.00904110728556672,0.011309554177175,0.00650762701486048,0.0112304994333665,0.00926122881501822,0.00361148388598815,0.0222898771745007,0.012312180188772,4.27815180126242e-08,0.0146133198387252
"C[C>A]A",0.0307137018789413,0.0110250540743853,0.00314486410137349,0.00722789628241173,0.0210451438925238,0.00227369549196298,0.010135854526192,0.00231646287495835,0.00915042926014015,0.0130145178078642,0.00658864827053869,0.0290660262577664,0.0116616535804818,0.017147537006428,0.00455850526680733,0.0294782713416122,0.00508192068144983,0.00348734050979957,0.0025871509844195
"C[C>A]C",0.0284035460740366,0.0132982595683098,0.00125817990607834,0.00451785827399502,0.00786394493482328,0.00124514105020163,0.0209667040428239,0.00327636424696011,0.0173118320250277,0.00911048044241217,0.00534781377519903,0.0196095911311628,8.1076268351049e-11,0.00398647425902369,0.00452830019268659,0.00189165587831956,0.00323215588138711,0.00603381823925249,0.000951089076129303
"C[C>A]G",0.0025148157236408,0.00322078047394749,0.000488500082502031,0.00104487213818089,0.00399222934103186,0.000301357132098765,0.00490209184274365,0.00177133018312908,0.00261654448988443,0.0010563003884412,0.00094250835459647,0.00156700853055516,0.00223621183615728,0.00924258453312298,0.000362226405982734,0.00465762605583254,0.000675429637650247,0.00103436519615309,0.000236699757177342
"C[C>A]T",0.0293729445926635,0.00947815024549998,0.00303261317639043,0.00449292671942531,0.0191255545826914,0.00196644901706204,0.0560837534713876,0.00474270875537739,0.048473778358619,0.0112747850171719,0.0142360269097085,0.0637965993710779,0.00952116474776828,0.012037253219076,0.0030752906887259,0.0291657488793921,0.0458187440519348,0.010105205973115,0.0137365571123258
"G[C>A]A",0.0214947055946634,0.00206750429389127,0.00326416914025919,0.00273085094418732,0.0316949899611589,0.00233526021445936,0.000294752607635367,0.00232500618031802,1.03206478904831e-08,0.0203098263377622,0.0473795094344001,0.0130518708897916,0.00407183208763172,0.0281066050683936,0.00250564527468181,0.0164633385343753,0.00182328508603389,0.0080002562069453,3.86270648109226e-58
"G[C>A]C",0.018065781246699,0.00756051701804067,3.57181485683725e-07,0.00318464745783399,0.00822509788162107,0.000577748819888067,0.00246132145177986,0.00195104472494946,0.00177516889727539,0.00895535782850841,0.0581408111061346,0.0276335119904605,2.17054251384798e-05,0.0086308259230802,0.00264507698878569,6.13808221778133e-06,0.00350540960593202,0.00328518055869016,0.00117638008913843
"G[C>A]G",0.00180124251046617,0.00174944355828214,4.75857881459762e-20,0.00206749715314609,0.00337108031213948,0.000186584275552322,0.00051670773166168,0.000822325869657081,0.000195030763661076,0.000693580422933796,0.00245325063188007,0.000475750471513687,0.00099786135677324,0.0061134502239998,0.000926251495320715,0.00182164223774385,0.000289802485362256,3.46882422999142e-08,1.54978948825191e-152
"G[C>A]T",0.0201241490024144,0.0039549633123146,0.00251570845504021,0.000768105019158944,0.0198044469394897,0.00123471132285541,0.00624280440857457,0.00190346361566664,0.00547594178322224,0.0160115459001536,0.0239923557894119,0.0109103682417231,0.00463006980723773,0.0128262348761233,0.0011859168921852,0.0035035023090046,0.0263511755423765,0.00468650943436893,0.00577744857929347
"T[C>A]A",0.0224004923257059,0.00753276892426256,0.00495519802085174,0.00332661496334155,0.0337931674891828,0.0330597001594102,1.1240870296592e-23,0.00305052457088274,4.81367607549533e-16,0.0212258848632577,0.010122751751622,0.00797128983273014,0.0181721206038584,0.0148326807465146,0.0146909060646729,4.40387347485497e-06,0.00615600603972088,0.00506168802038365,0.0638229061226615
"T[C>A]C",0.0214199341445121,0.011903793298856,0.00134096301085002,0.00808370487312291,0.0177602557461842,0.0138691608821534,0.00130937049500069,0.000660229295355659,0.00168403168999371,0.00960129386996822,0.0102794331650647,0.00549895382014638,1.36382291114533e-12,0.0093635280865029,0.00899923463865825,0.0154506230529654,0.0075491030278907,1.19446930372692e-07,0.00714943290368988
"T[C>A]G",0.00170834646121181,0.00118494202077114,3.65282916145384e-08,0.00223746264797842,0.00575105818883455,0.00264850879756495,8.95882885151263e-41,0.00052314640731584,5.72398675124749e-60,8.52330501632054e-47,2.36501329779138e-235,8.79629869632151e-74,0.00151995800296461,0.0047641804579348,4.71574571819369e-133,0.00311822526345655,0.00023019969042794,6.60693169205959e-17,0.00213665727011635
"T[C>A]T",0.0321307518160076,0.00566269423954413,0.00900625296229602,0.00278227504769031,0.0581150582905294,0.0204263278809374,0.00791118743383958,0.00631549782903957,0.00891934345796988,0.028077106492911,0.0178645379648156,0.0125486641838636,0.0163272262092154,0.0197483075818834,0.00684940124131705,4.32696368603747e-06,0.10720830847966,0.00712696469521468,0.378708693834658
"A[C>G]A",0.0118521658261915,0.0243281083618238,0.000233292895489134,0.00553701109324924,0.00201647329521483,0.00233411168975807,0.00220835080379991,0.00303722677557201,0.00244689768690132,0.005138757792179,0.00337801831504223,0.0055833866584796,0.0122195387623229,0.0134997336324163,0.00685815052458998,0.0235517661636315,0.00155987539664968,0.0157984930861515,0.000520968925047742
"A[C>G]C",0.00518543061363071,0.0135776465110409,0.000673873156242137,0.00294531180173709,0.0013322826635064,0.00113913332060097,0.000658920578270058,0.00111985926702212,0.000624686340111131,0.000716409511996494,0.0028008453745147,0.00199454449526524,0.0068564817902161,0.001923013974972,0.00277774157600918,0.00389913787085219,0.000489613569880424,0.00666190948028029,0.000184002686922194
"A[C>G]G",2.30867412747656e-05,0.0112477234533564,0.000711529700021558,0.000665213746648687,0.00430201714409134,0.00014940843556219,2.2839995621347e-08,0.000113751057923582,7.67634718401533e-141,5.72857129647126e-252,0.000983285455535918,1.32795697862555e-34,0.00257302720098886,0.0167627861775,0.00146383183858841,3.39791506122437e-17,0,0.000452947650229949,0
"A[C>G]T",0.0105937140303783,0.0259159198162481,0.00382141176046051,0.00545285216550103,0.00282352101913452,0.00284679704664739,0.00176814401181704,0.00389577090866823,0.00201495490354884,0.00341512296960683,0.00467199874525337,0.004359648022158,0.0158189393379141,0.00431155220082924,1.13634411704778e-36,0.0149033715904997,0.000307831826213973,0.0109019885047982,9.77416691649999e-05
"C[C>G]A",0.00699017891342967,0.0178024385012126,0.000317122014538804,0.00210253847965925,0.000588577977223687,0.00300766024252977,4.95748529380432e-157,1.19755253964298e-121,1.0335729548123e-56,0.00215064872926405,0.00187465729535087,0.00109373966763895,3.48341752158935e-11,0.00226211115516447,0.00321399686331039,2.80034874243705e-10,6.34523624365261e-98,0.011637977969851,9.95533245956244e-257
"C[C>G]C",0.00807772755293761,0.0144748869652142,0.000140614260394336,0.00299114871813361,0.000382421852273668,0.00105813779230866,0.000532246662962636,1.12803289064843e-09,0.0005473584235529,0.00245021519663319,0.00316784913804191,0.00335315815160277,2.20033180710949e-18,0.00660226511302641,0.0026480870714892,0.00328654945042122,3.69385499093939e-108,0.0107778739036241,1.58410575280702e-17
"C[C>G]G",3.09375547790536e-09,0.00817248519739921,0.000114904318986668,0.000374285269850262,0.00499693178453829,0.000531514403664063,0.000102844139778782,0.000183805312969989,3.65247675199963e-05,2.65585086880633e-124,0.00361403934148882,1.47786544014316e-53,0.00034176900715989,0.00551265950769543,0.00173003275432281,2.50553017814396e-07,0,0.00541493532170816,0
"C[C>G]T",0.00923352540278138,0.0243827504732885,1.35790202649254e-16,0.0013618741518608,0.00184571341269561,0.00377721063952661,2.94174703179834e-61,3.4624319375638e-102,0.000164302213390868,0.00484572208167603,0.00541669267469768,0.00443551310394884,2.97978588715558e-05,0.00765371670817347,0.00578462570219248,0.00687818889522206,2.09796339430854e-05,0.0120120168445627,2.09293713320132e-240
"G[C>G]A",0.00470306533838211,0.0124354937365734,4.64499599205216e-05,0.00177955099909322,1.94896792489629e-05,0.000711631075480804,0.000410730887067289,0.000440987882094573,0.000518576684929139,0.00236814277818944,0.0054640985159713,0.00118300281034466,5.06471579984835e-20,0.00409054860858423,0.00275777694422681,0.0067722073768763,0.000943073745728604,0.00571244047748897,0.00032546784937127
"G[C>G]C",0.00433644338639013,0.00979094491104958,0.000629315555628045,0.00204981147302999,0.000761967416715755,0.000422143042304343,0.00178142015045054,0.00247361302195779,0.0016445506075388,0.00273716930061217,0.0478142521751314,0.00311458568025131,0.00249523087482077,0.00303705359415323,0.00227068664939186,0.00584221375684731,0.000486093052941045,0.0053189575277528,0.000119965226374334
"G[C>G]G",0.000548890269202397,0.00439835248133654,0.000324850764994655,0.000320051422399397,0.00165050192202461,9.18237627866763e-05,0.000141222800612085,0.000167902124195625,9.30187430302429e-05,2.53195120825875e-234,0.00113489129274181,0.00109492941881469,6.92112539961135e-10,0.0030939607574551,0.000456787327124878,1.19264970593956e-13,0,0.00357278225458879,0
"G[C>G]T",0.00758688907385432,0.0165839785049306,0.00104627212303641,1.66427628088173e-14,0.00168838711662354,0.00237196652186577,0.00124953472974174,0.0014453391376669,0.00125416583043181,0.00383514487551355,0.0254200310615375,0.00743309654899917,3.43799713192576e-08,0.00478602605979995,0.0024707709767546,0.00597978118707464,0.000411213699255872,0.0122890570753802,0.000114083888000885
"T[C>G]A",6.66646189328001e-06,0.0263238137397997,0.00549974703549661,3.79865231935187e-12,2.66457590278113e-10,0.182704439434344,0.000688377077490896,0.000238435374795791,1.81208930301564e-17,0.000483486061137948,0.00239636347780283,0.0060234664920457,0.00959883930848511,0.00841676827611335,0.00977869008879479,0.0142657617279509,2.60110760392541e-58,1.80543215392026e-07,8.32007171418231e-258
"T[C>G]C",0.00765341032408063,0.0214762114294836,0.000646223509187381,0.000688476177565148,0.000882003544181571,0.0384961209366858,0.00021617614518855,0.000487350621503862,0.000248629412379819,0.00515084177157703,0.00426790586153317,0.00149823251401458,2.28332349186155e-08,0.00818362526538805,4.27482120496869e-37,0.00609502661995521,9.74766064674966e-05,0.0123755563407058,9.9354057484127e-15
"T[C>G]G",3.05461028856006e-19,0.00537448116669479,2.0479392877884e-21,0.000111650172220299,0.00278506836223846,0.00663368288541848,8.41469488315831e-05,1.14932956341519e-40,1.0232623434084e-90,0.000376443242832556,0.000315455880944284,0.000861118320980835,0.00130903197131016,0.00653040859682845,0.00247529871105724,1.97365164982112e-29,0,7.78438831059287e-06,0
"T[C>G]T",0.00638393387999452,0.0459773723527529,0.012977166681785,0.00118957403962378,0.00427231368964554,0.23051327171724,0.0024417182249497,0.00312774175296204,0.00131165043639651,0.00522168801382183,0.0206344081393888,0.00658529024352314,0.0374260246103154,0.023106360650384,0.0148365512027353,0.0154461759011909,0,3.83753857444603e-07,1.45386081750949e-268
"A[C>T]A",0.0218447567157829,0.0159602665314934,0.00403633676906784,0.0366792978908306,0.016442264878476,0.00430203476922388,0.0669893773306879,0.0102406246118535,0.0745325575243157,0.00816872216065643,0.00288798405384579,0.00979103557739801,0.0066510076228474,0.0185810121857879,0.0170892167722568,0.0648978868024415,0.0135731666180195,0.0713580722858982,0.00196287432245038
"A[C>T]C",0.0090309898009578,0.00738006842980543,0.00159492647233398,0.0186891415504249,0.00979905475920125,0.00127882047612725,0.0124961652113349,0.00420212844785824,0.0113590316808692,0.00429647026166079,0.00232888586148523,0.00558375467750932,2.03260816415641e-06,0.00514457416892485,0.00819170151547439,0.0107894803554446,0.011830196335119,0.0637288966433509,0.00385377869403876
"A[C>T]G",0.00286742997600534,0.00758763651692419,0.0218503059501416,0.0632166096083393,0.105543006707764,0.00584175714736557,0.0322054011753847,0.0027724513640448,0.10905647527854,0.211662216676768,0.0161480863439368,0.0203171520634187,4.236823078156e-08,0.0209595915615055,0.00505951254604544,0.0821445719095906,0.0239447660423792,5.48961454583977e-12,0.00496303548463633
"A[C>T]T",0.0215257716124914,0.0155348044321547,0.000755984351140301,0.0239964129822313,0.0118620901863597,0.00218875286177062,0.0135413705028263,0.00291739220788567,0.0149634290802902,0.010585786121841,0.00343373017043508,0.00839607394104906,0.00635775053596651,0.0108533685193475,0.012899572642801,0.0267412870622769,0.0129880164183947,0.0166526981211169,0.0072561458323709
"C[C>T]A",0.0104436904233818,0.0116233705651145,0.00536327894481655,0.0272481110503663,0.0127538274842938,0.0084562462342916,0.00615414981364717,0.0024907961331204,0.00713586431396997,0.00175540468356366,0.0110862943019132,0.0180455257775558,5.43252342466592e-07,0.00825088834242221,0.0127336277302255,0.033004629702217,0.00477442378906732,0.0862238366198134,0.000845491947687633
"C[C>T]C",0.00974481900309476,0.00797020579937927,0.00195887989148779,0.0275748562952875,0.0117042488043255,0.00247702853082027,0.00911572790966639,0.00514682777415304,0.00895607467497912,0.00181812598776518,0.035135214661134,0.150806259535987,1.42093206884486e-18,0.00344803768660417,0.00786145732400726,0.0120637904746616,0.0087282013042236,0.0647569950413378,0.0017257670000016
"C[C>T]G",3.40532069749565e-08,0.00847065975338517,0.011281172598118,0.0351247456278636,0.061658690860261,0.00500885047802343,0.0250617094882409,0.0065525680371875,0.0663920108199048,0.0908085166939953,0.0175681086480463,0.00663891747047137,1.48155309366115e-05,0.01831755565204,0.00657424581441504,0.0143478556953322,0.0192000198851048,0.00532637432388787,2.23296269670147e-17
"C[C>T]T",0.0225179779821852,0.0135768938473355,0.00283655227328924,0.0298318409687143,0.0146946685946722,0.00475262340492082,0.00830971142033097,0.00514581220226907,0.00932535613938135,0.0122826611781555,0.032678926523309,0.125577500529355,0.000527504526402098,0.0144097450606379,0.00777111753854154,0.0394497429323103,0.0106153996675335,0.026364084829317,0.00310496120753074
"G[C>T]A",0.0126043334104551,0.0124440990790316,0.00223429772946346,0.0201531880167614,0.0129672242753978,0.00423628265738182,0.0469157299201947,0.00366761713659418,0.0565455891867715,0.00372232651430734,0.0336955410217117,0.0159360784321264,5.77230096745771e-11,0.00538884836056405,0.0086152792429769,3.95917803930232e-12,0.0219338256814239,0.0447707317891665,0.00214891775057225
"G[C>T]C",0.00999644845226865,0.00832318936661889,0.00349595381663652,0.0223013619765628,0.0132894274690651,0.00269887183859007,0.0464939047490915,0.0105643349563375,0.0409024746821035,0.00535606297514875,0.0267864618924769,0.0138331112212206,0.000221433640922704,0.00572786647351809,5.66214301479371e-13,0.00966372776567746,0.0379726150268495,0.0492629408569395,0.00887091293114808
"G[C>T]G",0.00271811570956169,0.00549145495997283,0.0164432642756282,0.0361174970426642,0.0730312825465378,0.00316078868259313,0.0536140914895938,0.0150136068215708,0.0953481476558878,0.126622026532144,0.0183297301908763,0.012654342791281,0.00032275587316536,0.0131884732855391,0.00372278469570999,0.0046939964536636,0.0510578324221677,4.33733347251728e-08,0.00623635678720522
"G[C>T]T",0.0137797843490281,0.00952912456772391,0.00243159179780075,0.02222438490682,0.0131356473609861,0.00236031192872612,0.0353180677951148,0.0043595244110015,0.0363869718538362,0.00704220511468666,0.0140820082369747,0.0147570778691257,0.00785922031556919,0.00860520650491375,0.00694968839835152,0.0212568539409252,0.0364236025457668,0.0126884042611316,0.0117989628215869
"T[C>T]A",0.00651400934401044,1.31151165548529e-08,0.0199611072225181,0.0381436190956928,0.0150794326170442,0.199651306554374,0.00474513332775187,4.43861310090536e-77,0.00645634049221697,0.00093287573112336,0.000116452235471026,1.48245629183805e-05,0.012080548331246,1.19362667710243e-41,0.241815791132541,1.6335944339532e-08,0.00786523246964197,0.0728024273416341,0.00492522378743929
"T[C>T]C",0.0117085694747806,0.00653082453428224,0.00913816605824228,0.0379452472578719,0.0161005599240014,0.0392673336461849,0.00652402341099311,0.00215791106485612,0.00753302573815875,0.00239283692051574,0.00485310416967844,0.00601249195991255,0.000426963989200614,0.00668574983567591,0.05812163926184,6.89543944318757e-05,0.022274380452154,0.0866297484656659,0.0141207699619405
"T[C>T]G",0.000583269919835528,0.00104979582928578,0.0119383469093693,0.026390006085502,0.0452983789751443,0.0220594418640748,0.0114457113932635,0.00130349821450283,0.0361097392612707,0.071533254664573,0.0111837848847303,0.00469684174603337,0.00266452033195504,0.00908135278340044,0.0273158531681187,0.0126152662794056,0.0418487362124823,0.00434043081755407,0.0671278896447328
"T[C>T]T",0.0148392760036753,0.00416254313768311,0.0183443317907866,0.0419147442937653,0.0189425822397464,0.100248446670067,0.00739674495867608,0.00566087751878861,0.00831955281141407,0.00567008030538402,0.0140585592604358,0.00488578160973564,0.0085438432987801,0.0199009085963772,0.158463593043823,1.79885099657782e-09,0.0339999955774907,0.0229182725821197,0.0390896890068142
"A[T>A]A",0.0115090216025105,0.00709703898991579,0.00959407382619523,0.0126457974212368,0.00672403816679195,0.000805456521249415,0.00280928250819453,0.0193114005753586,0.00215002888274362,0.00557524002040272,0.00817815890554955,0.00285941922096496,0.00866586215997073,0.0143821354505816,0.00435040003319295,0.00969572498345734,0.000893220286750195,6.89415497072268e-11,0.000704768857748016
"A[T>A]C",0.0109473065786687,0.00461469282943957,0.00328653080811595,0.00830937933660136,0.0043805876462692,0.000674485683738425,0.00297707614074724,0.00338535912992162,0.00327445858987657,0.00942179703723976,0.00415840999226771,0.00351397134865017,0.00880308717765325,0.00381740438306177,0.00101862935356869,0.00662715602460028,0.000611188139665886,1.1951268016232e-15,0.000137464973759716
"A[T>A]G",0.014347276943035,0.00694155231008184,0.00402156363107046,0.0113309751019238,0.00171303008533841,0.00057833978418273,1.74735018423564e-133,0.00317290073622348,3.71689501706771e-103,0.00592763162004502,0.00186843754214317,0.00367516029380221,0.00175071964887354,0.00177457277090173,0.00323643426510709,0.0115947771790382,0,8.36192148244021e-05,2.32449974522042e-123
"A[T>A]T",0.0198454026314405,0.0069010004262182,0.00851118723643985,0.0122268890542548,0.0198321245928768,0.00194912023087076,0.0240190035967325,0.038050360678784,0.0185398991208629,0.0148130884153926,0.0112494823374902,0.00587601189541682,0.0200451884659606,0.0108690871141244,0.0101542988029018,0.0211061505097916,0.00529524794030243,3.59777300407788e-09,0.00436454936878356
"C[T>A]A",0.0138316307170333,0.00565233728284547,0.00134257365652379,0.00430800401565519,0.000482039204422348,0.000286584478846939,0.000291703771350629,0.00359328873132943,1.95831041593744e-38,0.00204721845631959,0.0340187020827919,0.0271858031472293,0.00460604949917375,1.33458342688388e-12,0.00354057716019773,0.00713373007939152,9.16578314872133e-05,0.00588565066774707,0.000207216713921723
"C[T>A]C",0.0195576881668133,0.00731518768498646,0.0072377181080615,0.00215030025100467,0.00142005867922592,0.000614756014266766,0.00381491023348079,0.00550311596460811,0.00369248305146782,0.00631219078843396,0.0210062268206693,0.0199796864780824,0.00593892977302289,0.014238012366759,0.00675550233976119,0.0131373154218366,0.00121488842250839,0.00348789735907325,0.000133119578485476
"C[T>A]G",0.0176093865216347,0.00793015924277056,0.00389011288152146,0.00489876324506147,0.000147139861472266,0.000731463673575189,0.000620866037056389,0.00318018891212034,0.000408240841642148,0.00328963563113146,0.0352335395551894,0.0361724525193371,0.00339269276702909,0.00204131068845285,0.00402198067040672,0.0112166375697137,0.00020802524230294,0.007310105242048,0.000236235809536868
"C[T>A]T",0.028304409788241,0.00866854651817434,0.0330581717943536,0.00673919131910412,2.08539894050121e-10,0.000515205534955623,0.000337158900133878,0.00165033056477846,0.000421810429764079,0.00638919518107998,0.0352055212280799,0.0543052376700881,0.0144975447056916,0.00602402249732865,0.00784048155628843,0.0103727661939107,0.000967519925802564,0.00661163980067144,0.000401453068109528
"G[T>A]A",0.00904286177719453,0.00464974581034501,0.00133298142504286,0.0029650570272024,0.00124864828727858,6.91776816568532e-11,0.000975100256256283,0.00661996738036595,0.000453691433118598,0.00323089759897871,9.89527450810749e-33,0.00166657214936756,2.06013752589819e-07,0.000436718564800132,0.00184122868990466,0.00345219634133725,0.000167946584873227,6.5349086958521e-08,8.3896324176361e-05
"G[T>A]C",0.00842656336922356,0.00447411616867501,0.00180779373605507,0.00257559481855677,0.00129525744348344,2.00869812097726e-05,0.00172783929808613,0.00218985030055893,0.00176223286627642,0.00290857466356654,0.00300706824218529,0.000893750242948373,0.00291066884289867,0.000575719646195411,0.00138511189371222,0.00192477899858878,0.000847348632385679,1.40175361057036e-06,9.08833153761714e-05
"G[T>A]G",0.0113648238322942,0.00470390844023308,0.00080211680465015,0.00311064366130764,0.00202188980210358,9.77053643306133e-05,0.00200847292153106,0.00511828952002871,0.00170051947218874,0.00401961178166499,3.02847468901399e-41,0.00437817192021619,0.00268032773496899,0.0022508172980338,0.00273435412397231,0.0072551951429505,7.43315252114729e-05,2.77936352181252e-10,8.58460803428684e-149
"G[T>A]T",0.0175614962251806,0.00671982827908081,0.00557060595413257,0.00474083426961436,0.00124776016084228,9.56929551204466e-05,0.00186776488401451,0.00373941496920353,0.00201437295695401,0.00332560443663005,0.00276816775129823,9.57364890471026e-52,0.00605089305397024,0.00119320824460443,0.00609184947509707,5.93934199192584e-12,0.00093485912164174,5.67497008283602e-10,0.000440592075029086
"T[T>A]A",0.0129653584518997,0.00852227692469733,0.0122107764227274,0.00685818302847768,0.0223704625678595,0.00261742740333883,0.00905597655072025,0.0174695709536446,0.00791543737619907,0.0187000607415415,0.012658720398818,0.00614010241917427,0.0188443560582338,0.0186204480219305,0.0168268985342455,0.00902341438724341,0.000728463656508409,0.00427394539701248,0.0011018372473817
"T[T>A]C",0.012142864648651,0.00696250373825272,0.00344199330118181,0.00412238156332549,0.000556990471026111,0.000551750972033784,0.000672622841738552,0.00161915730719609,0.000635828933091196,0.00344502864060897,0.0034825460486749,8.95716849332836e-17,0.0318285656146857,0.00311565680328427,0.00159779647709187,0.00492428354237995,0.00145315706378622,0.0016852198306384,0.000924334452039804
"T[T>A]G",0.00794215169152335,0.00560905251350667,0.00222514837479754,0.00451533047241529,0.0013205379170598,0.000464786313253867,0.000911582591517046,0.00391942033536496,0.000344096106491191,0.00147093518679705,0.00227066531499461,0.003442321767473,0.0217471014514135,0.00395868986844403,0.00313914110605869,4.82989997336956e-15,0.00022730883927537,0.00401443065759515,0.000954058690214584
"T[T>A]T",0.0269327664822006,0.0112726255778844,0.0238212620300903,0.00884389840406793,0.010892933173078,0.000940802543481803,0.033040035562373,0.0338276042379681,0.0155896956288215,0.0127902863449458,0.0236000705522473,0.00200345605478014,0.0616792260017485,0.0741811829577032,0.0286929185149483,0.015381528329483,0.00355611780768757,9.11061198440297e-09,0.00687764563443391
"A[T>C]A",0.0108310585499549,0.0266209636089799,0.0076785173741719,0.0350122163332586,0.013640632102214,0.00137818575666523,0.0243092595551179,0.0605733023867964,0.0193885992046502,0.00703028676864957,0.00955939165265601,0.00264306043486406,0.0201069635917959,0.0200181403606937,0.00728482195758128,0.0459752877486214,0.0219566776385492,9.83216147145797e-05,0.00570970526465198
"A[T>C]C",0.00735685917722824,0.0123976995978274,0.00173039721026569,0.00971235424864114,0.00505229172086436,0.000504787959966414,0.00860691289292439,0.0221795469684983,0.00598603893136305,0.004464029220186,0.00396664120291623,0.00306581256322781,0.0179460326315426,0.00346178611182769,0.00713086862518865,0.0140034050330967,0.0115445676869763,0.00379447805435554,0.00305653512846376
"A[T>C]G",0.00743861539494299,0.020146025031297,0.00293078909194132,0.0241499659554309,0.00725931617590729,0.000716680762093659,0.0296863642782812,0.0487449930768911,0.0170537504699219,0.00575830154672479,0.000768008281913223,0.00543534341499158,0.0103671397592378,0.00391693995369924,0.00541143774685634,0.0254659406300284,0.0107461430331127,5.54003303043178e-11,0.00314652427694791
"A[T>C]T",0.0122388421614779,0.027725985969012,0.00749751269189812,0.0387227495943906,0.00896755333726348,0.00115563555881078,0.00474657738503844,0.0154725529188337,0.00357304538428609,2.5910728505546e-18,0.00293008908741888,0.00165784722677331,0.0175018924488136,7.99140242732376e-27,0.00128710825052751,0.0279397522064239,0.00975895135920484,1.21361300434469e-21,0.00636045050375485
"C[T>C]A",0.00513659516597069,0.0128158888362811,0.00610915860967655,0.00970772367726731,0.00560504247598467,0.000805187413174145,0.0170101584525084,0.034765808534111,0.0132402807576193,0.00241691316992476,0.00601704566192038,0.00524995366241226,0.00580103796429285,0.00441105348637564,0.00238831921528178,2.80548819844671e-06,0.0035521824618765,0.0142472894578695,0.000815310269404935
"C[T>C]C",0.0120532101108182,0.0136520238749392,0.0205358549735535,0.00528513638829307,0.00375212918916124,0.000556568536082537,0.0102827919334155,0.0224416161235866,0.0080150294640355,0.00567285961477767,0.00283628098887949,0.0131089934278577,0.0059825683872123,0.00338670408110913,0.00800481626010805,0.0158749223511749,0.00626455389126336,0.0139610448340718,0.000677583887625557
"C[T>C]G",0.00463716331385837,0.0134587295199703,0.0137913452356274,0.0112865021992525,0.0046796971384862,0.000818419958394501,0.0359256831165938,0.0550737270235885,0.0209082697993881,0.00347144005978686,0.00522929727748713,0.00767039201763426,0.00900020695484499,0.00449474137852991,0.00724825835701265,1.10072423746811e-09,0.00542320763183404,0.013693787065439,0.000982690529966879
"C[T>C]T",0.0072670608243635,0.0154644975102234,0.0651392123897176,0.00968321706846306,0.00551981374485123,0.000825663211806049,0.0187555863387936,0.0343832240734429,0.0126788818387672,0.0048943202197379,0.0141259097416067,0.0126385770460979,0.0211717813910183,0.0187848118209379,0.0109185367272191,0.0027961004394707,0.00410053246006309,0.00616177532303957,8.39127136806649e-29
"G[T>C]A",0.00483454785596715,0.0124003810599775,0.00341417909497509,0.0120181327409025,0.00699619675042458,0.00102148147795372,0.0261611061729836,0.0532582639787221,0.0165543417418682,0.00596813451233466,0.00425851106841349,0.00457422774165264,0.0111425159355638,1.24322975548794e-24,0.00315829618275128,0.0129557997873544,0.035315956419362,0.00715336763190372,0.00681920701212562
"G[T>C]C",0.00491761527031728,0.00810321852559652,0.00559816962643029,0.00675959460795914,0.00469668215522358,0.000475721866695841,0.00933370546933337,0.0166755246298793,0.00567929110845592,0.00464963083789328,0.0119195749755896,0.0100069614329077,0.0029450999410447,2.8120658636597e-83,0.00377943394450236,0.0119626602367865,0.0323372050786821,0.00242809150059036,0.00473655761502719
"G[T>C]G",0.00345594459235081,0.0101641340643055,0.00337173877342153,0.0100058466887063,0.00571054733418583,0.000499996399569706,0.0237063637611482,0.0346087688918481,0.0124522921159551,0.00488651855988408,0.00389733711879555,0.00187512886037051,0.0060419387074673,0.00576454150510466,0.00553065230649972,0.00432901650605733,0.0261187243787314,0.00558568982620943,0.00324395113059372
"G[T>C]T",0.00587038972850657,0.0158044733022926,0.00851239267450784,0.0191074230220363,0.00514603123678844,0.00102602161332093,0.0120621669386392,0.0265305521946426,0.0085527784289365,0.00207258321088757,5.29062091598033e-08,0.002529649433567,0.00585624724586538,0.00174479014977527,3.76833976409096e-34,0.0224581866598403,0.0284699214065885,2.53163518149605e-18,0.0118456659348712
"T[T>C]A",0.00576816383232357,0.0165916193543972,0.00637769881263012,0.0109691834383856,0.0102569139586903,0.00121669450012851,0.0203488218229452,0.0432442567449563,0.0158917160974967,0.00669873743144311,0.00519622147169535,0.00349289280426075,0.0899483308674508,0.00578694460129706,0.001016197162479,0.0110883905040097,0.0134179629053207,0.0188535048608024,0.0059298231240861
"T[T>C]C",0.0091331290413549,0.0132754392842845,0.00868170884989155,0.00814697278589401,0.00879299558607726,0.000681065643828709,0.0182950871742462,0.0340661172033308,0.0121651399748146,0.00627895598247715,0.00638675708601614,0.00342129716838376,0.0727299987134966,0.0148789990833002,0.00744767137745701,0.00911582982433488,0.0144738885662741,0.00656937613339617,0.00577636686559186
"T[T>C]G",0.00178654869623833,0.00995349047845273,0.00433534497345365,0.00979133897946303,0.00394784044019854,0.000262694370559597,0.0200033139891747,0.0309121507970587,0.0126338264174286,0.00179648731019922,0.00223165605948887,0.00153490661291262,0.0834564081247599,0.00634648410144403,0.00336423598799025,0.00632875753853737,0.00957089706580768,0.00891473322191236,0.00450983540660247
"T[T>C]T",0.00711517565776223,0.0181873566597165,0.015973293586495,0.0156470463483513,0.0115011159407316,0.00121741600214948,0.0708442853039835,0.0896155857567731,0.0356100914384589,0.00989810492689748,0.0391885872342388,1.75491200330892e-43,0.0897411561599251,0.133520675126882,0.0500702743465296,0.0100747750085136,0.0140849520261706,0.00382467423735166,0.0117486000712516
"A[T>G]A",0.00287518514810535,0.00810394261994188,0.00475313645207676,0.00341191465763823,0.00356410455721111,0.0005737624544704,1.37213761101912e-26,0.00599117292160352,9.8042027612333e-83,0.00163808528576935,0.00161151270725012,0.00541573607304349,0.0135916020060389,0.00421090675113027,0.000272601842191465,2.80991377955622e-08,0.00111334837926578,0.00524838150640484,0.0038377541141909
"A[T>G]C",0.00139998532257693,0.00340766931016142,0.0043294229188724,0.00165404881323744,0.00173387709522318,0.000487362786575581,0.000732130018826862,0.00417248758276341,0.000388854551000083,0.000385715683212226,0.000460213200171654,0.00099464611725517,0.00322710783649969,0.000925969046391225,0.000628665573871443,0.00221152230327359,0.00394396522489709,6.0975136057393e-19,0.00310176130362354
"A[T>G]G",0.00741945438811575,0.00880403005731967,0.00182278107782062,0.00404226403077137,0.000578290054762888,1.35751044960846e-05,0.000348720341991372,0.00268428448705016,0.000268258388713177,0.00309102735074628,0.00372616807126006,0.00530418804404706,1.78696383220213e-07,0.00148329453388166,0.00682215430341506,0.00634995469437564,0.00175021821657613,0.0035724560138962,0.0019118345547607
"A[T>G]T",0.00289410303346966,0.00659279652574185,0.0344997720105083,0.00392226842305545,0.00519861425384827,0.000879015485606068,0.00178016579731679,0.0070925108275838,0.000711114312011104,0.00254720896685542,0.00132771786784304,0.00523531841585153,0.0112679648355443,0.00458917523423175,0.0036708356580438,0.00822589044288445,0.0210458414931075,0.0114277491570055,0.0261613750837642
"C[T>G]A",0.00241099549302646,0.00539859687655472,0.00329674732500351,0.00190998419821813,0.00184387099109796,0.000346746355019641,0.000397346805137837,0.00197687190374848,0.000285848788659376,0.00153654226078173,0.00139797476285575,0.00166656751792699,0.00021384096103261,5.95421285419375e-22,0.000991312798605366,1.1759601804013e-68,0.00225112950154822,0.00106749925683196,0.00406080062625617
"C[T>G]C",0.00337079618647197,0.00483121504262023,0.0163961144505217,0.00122419416761184,0.00107276503964486,1.32250409064581e-05,0.00344570064127477,0.00794138622270447,0.00185394618716114,0.00184975455705164,0.00224341401818135,0.00423553441092808,0.0031735517627382,0.00320013561217839,0.000444532508794528,0.00114990224389667,0.00295156959021126,0.00261429323221695,0.000969148887710088
"C[T>G]G",0.00742553934352855,0.0103005652394824,0.00893127970019012,0.00156203731472238,0.00176830194229914,0.000510536516409129,0.00402672928402527,0.00944231269295706,0.00211769434040301,0.00371105001361072,0.00490165979834718,0.00693242417410724,5.7669035762774e-12,0.0027448867743465,0.00447389558965022,0.00343299111712821,0.00370395650875425,0.00560115107118785,0.00258570407819582
"C[T>G]T",5.49349263873176e-10,6.22377844891913e-10,0.2549266689434,2.74304051648704e-13,0.00156552203581664,0.000658525304107923,1.75635819668991e-09,1.2448525276929e-09,0.000527034572085633,0.000846883101266065,1.3253702202212e-05,0.00618419543087413,6.97428488551456e-08,0.00895938185623753,9.4118339912879e-06,0.00240858507339925,0.0190273837766327,8.85348677578593e-05,0.0130758258869591
"G[T>G]A",0.0022372232862568,0.0051560061860985,0.0016425364329749,0.00164439414996917,0.00129744090063384,0.000162649540086555,9.4841921676406e-05,0.00174482618448117,2.51045722700422e-112,0.000678110428051834,1.62106070154326e-106,0.00192248685206496,1.78582210835889e-13,0.00227150173681219,0.00116773792801382,0.0035863246350066,0.00144014058529292,0.00174387738211889,0.000544105972370492
"G[T>G]C",0.002088423887571,0.00327664412340843,0.00458847150009466,0.000563965122072753,0.000866565923792039,0.000240399283836973,0.000534981924308802,0.00154651518131737,0.0001918591291569,0.00274257463143109,0.00442388143993321,0.00176171158144727,2.79641882933307e-18,0.00110422903906267,0.00239549146919186,0.00471996697493801,0.00385589611865028,0.000541348208368249,0.00083466540521167
"G[T>G]G",0.00738218086029798,0.00853984052017895,0.00488120470518567,0.00299674627533648,0.000805250837414334,0.000300659575274279,0.000579873682588672,0.00183212915859322,0.000401768667391046,0.0018405578765289,0.000926553167860344,0.00788230186491523,1.75642934872164e-16,0.00345299062136389,0.00646754784563653,1.16578969201402e-21,0.00233057705105247,0.00486308046584274,0.000342433847361907
"G[T>G]T",0.00230199307287795,0.00578162140884418,0.0528450935301473,0.000710732132832839,0.00258207478412417,0.000338746607290321,0.00623447156286676,0.00628553699265113,0.00255674261593618,0.00283136006054115,0.00203332420839327,0.00417042502078249,0.000518392301359509,0.00715575552276791,0.00615191598583396,0.00210210662969975,0.00990442109141452,0.0057755808832821,0.00208941752806912
"T[T>G]A",0.00315219189807915,0.0106029336719929,0.00480478592379075,0.00286556289879456,0.00269972061137808,0.000544565636849315,0.000279715323343065,0.00224036141369328,1.96028858586635e-83,0.00194172304337492,0.00305235553927989,0.00419059740694547,0.0132691651497877,0.00230052976659319,0.00326700220003785,3.63340552992784e-12,0.0033787151704892,0.00924784905100817,0.0202123731994356
"T[T>G]C",0.00340713271954131,0.00671706786267983,0.00623861874610862,0.00246638201104453,0.00186175327376975,0.000173713004318131,0.000546442163241528,0.00199302563500641,0.000205803365280739,0.00281282698409979,0.00224010968632567,0.00158491563324275,0.00285736696218393,0.00186601350537149,0.000666340345078227,1.90991406723103e-07,0.00836207166301813,6.84296680920634e-06,0.00793433811849234
"T[T>G]G",0.00730649724413226,0.00998768886600086,0.00304390898325111,0.00360419228148765,0.00294058978023954,0.000597479776614846,0.00453530229262114,0.00624984343529674,0.00225716627981338,0.003671718448079,0.00665661232367912,0.00203236614160564,0.006910576496832,0.0119392825405604,0.0057950829532553,0.00496587600998659,0.00180482843324705,0.00414181149750681,0.0035995815158334
"T[T>G]T",0.00493635587439513,0.012987096727051,0.0883545871808652,0.00637592558014978,0.0114000746571031,0.00142702254340645,0.0300277165305315,0.023234997317299,0.00982395616498234,0.00837815542982751,0.0227359991330441,0.00371760293352924,0.0192132778166192,0.0673954221277697,0.021201238237566,0.00786479445810617,0.0632131073510845,0.0145078570115316,0.142494367789405
