"","GEL-Skin_common_SBS13","GEL-Skin_common_SBS1+5+18","GEL-Skin_common_SBS17","GEL-Skin_common_SBS7a","GEL-Skin_common_SBS38","GEL-Skin_rare_SBS38","GEL-Skin_rare_SBS129","GEL-Skin_rare_SBS5","GEL-Skin_rare_SBS7a+7c","GEL-Skin_rare_SBS2+13","GEL-Skin_rare_SBS8+23","GEL-Skin_rare_SBS131","GEL-Skin_rare_SBS17","GEL-Skin_rare_SBS99","GEL-Skin_rare_SBS96","GEL-Skin_rare_SBS7a+7c+115"
"A[C>A]A",0.00626612559676423,0.0178580005827194,0.00204094560955447,0.00168672853341858,0.0121487396530105,0.0114915930309548,0.00117266297381337,0.0193754404273641,0.00138323118466654,0.00578923231756872,0.0390339485025914,0.0210869097265189,0.0035290520530499,0.0123558021664451,0.00413247886446773,4.21652927968556e-13
"A[C>A]C",0.00379926597045316,0.013122962612619,0.00496811613883712,0.00155315330963762,0.00253997187853351,0.00342967606558753,7.06431226862074e-16,0.00370683613441856,1.29833576293701e-24,0.00351839311099151,0.0277387079165188,0.0146489270374635,0.00245518985102627,0.0110873581832713,0.00191361950712743,5.51322450754845e-28
"A[C>A]G",0.000399845491270859,0.00223461054836744,0.000625813822379906,6.92280895253591e-13,0.00131756905963351,0.00195404071744644,0.000281525385912423,0.0030471945864861,0.000223914402638128,0.00198303405109967,0.0034149932294517,0.00273913217536597,0.00084871181230553,0.000646169521312718,0.000574200885174462,0.000246093140368123
"A[C>A]T",0.00279927099497548,0.0150440131759918,0.00796623089218148,0.00182137315917782,0.00177400243584863,0.00165964950316188,8.93990901018647e-29,0.00807249829204902,2.68277983896699e-24,0.00409583036840377,0.0228841419863824,0.00650484676977473,0.00173372068583937,1.10215689403956e-23,0.000516111130479291,1.8662882904118e-21
"C[C>A]A",0.00658645250523401,0.000151632519103858,1.04032211993224e-05,0.00900003651619542,0.321144711609876,0.280770770598609,4.58989680568776e-12,0.00589765559144384,6.65177116798656e-51,0.00539671897872135,6.50690598339072e-05,0.000861426361392053,0.00288936456191933,0.0126852894539889,0.00153121091305267,1.38586707491414e-25
"C[C>A]C",0.00293347580681788,0.00948339673414219,0.00883613442639468,0.0053014558890175,0.0296546870795114,0.0292483626841447,7.01858377486161e-29,0.00485158267149877,9.98037919772756e-38,0.00406080791182785,0.0207944340966328,0.0201114559022032,0.0014114582504437,0.0102468490135354,2.67378561693974e-56,1.92167512163406e-31
"C[C>A]G",0.000941421021761498,0.00181905455723558,0.000585802747803994,0.000641529134763852,0.029873185727631,0.0341473242280472,0.000533546641118023,0.00104831254684971,9.29761345781187e-05,0.00107016188269616,0.000129396645080742,6.24495244325594e-10,0.0019646977072919,2.89069384929913e-10,0.000117782289897741,0.000258360954974679
"C[C>A]T",1.84624735003115e-15,0.00510398419272563,0.0190063540072246,0.00821984185000869,0.117383644005159,0.103168402622508,0.0026964819321914,0.00180523716329897,1.81918630764918e-17,0.0036308645435817,0.012423003905385,0.00208280909476561,0.00564647968766353,0.0123518846212992,0.000642210914001012,8.51214741207729e-28
"G[C>A]A",0.00613815562551088,0.00915830732187153,0.00293766465180625,7.49989511964071e-22,0.0145780476161313,0.00742994297822114,0.00102204969653275,0.00520256386142005,0.00109728547269072,0.00344938115805045,0.0158742965191502,0.0138262602387294,0.00394787532282959,0.00564979511629331,0.00183966249216961,0.00143826680148714
"G[C>A]C",0.0026457579881131,0.00690288508548446,0.00488984819165497,0.000337768871052636,0.00132577462880896,0.00549740105622692,0.000169560275293337,0.00486096310049569,0.000397686318605307,0.00253918930649577,0.0152146097885009,0.0096338344911854,0.00256762451363772,2.24282159586201e-27,0.000193367191190381,1.09260080855974e-16
"G[C>A]G",0.000772315663196754,0.00148595797611697,0.000549882446101345,0.00021908374707801,0.000319959735808213,0.00176677825442227,2.15007521400148e-55,0.00235684639231668,1.88436747983609e-49,0.00103201753260895,0.00308550649076137,0.00157417664528424,0.000118238914821252,7.22780619216723e-12,0.000127894401436364,3.28794388650824e-23
"G[C>A]T",0.00325004944367606,0.00858543439922673,0.00287056353805904,2.12430065548412e-06,0.00375369877663808,0.00777583823073693,0.000647435591812385,0.00596908403528923,0.000694438929076899,0.00325793216032111,0.0146355043846447,0.0027313358752995,0.00380016483552107,0.00539302248880932,0.000489475381524735,0.00069991239105805
"T[C>A]A",0.0103783394259994,0.0156850852130593,0.00815132873608709,1.22619590181197e-20,0.0187858378053255,0.0167743244749005,0.00278471463047754,0.00754018303594367,0.00377701048870966,0.017695829680007,0.0333320348773422,0.0156435202055019,0.00939399870197454,0.0126877896517035,0.00143721752743841,0.00306510979522892
"T[C>A]C",0.00599784391472849,0.015642661733921,6.49292119254773e-17,0.00340079828113459,0.010710188464568,0.0116814362830831,0.00115225355622881,0.00749470001562276,0.00413539254485989,0.00750798924725247,0.026780109027301,0.0181578347206021,0.00280587447934373,0.00569060747476462,0,2.09140442797934e-09
"T[C>A]G",0.00160017486345081,0.00255727526716984,6.2006799995412e-09,7.70183736754487e-08,0.00147585561549374,0.00202480417997922,0.000360266977901771,0,0.000426042897519991,0.00153731882119111,0.00393096114731066,0.0011870302357465,0.000552068693049382,0,0.000573400975329361,6.67723735422001e-05
"T[C>A]T",0.0125099909830883,0.0202125369617021,0.0219100169851605,0.00206233368688629,0.0320325363897887,0.0237382800089781,0.00230824442637201,0.00474233896596445,0.00462324771640928,0.0118568403789165,0.0374919960048705,0.00567423370508745,0.00820791057739695,0.0194234969950485,0.000989440031598066,1.28062705664212e-05
"A[C>G]A",0.0187524673655941,0.00851760990972987,7.33839966770056e-05,0.00215181762901293,0.000969415380169968,0.00562820119720172,9.68946846102162e-41,0.0106119743313979,4.04129390704136e-38,0.00198674071369751,0.0224516573359611,0.0601361173057091,0.00559141563830485,0.00932488073068058,0.00152994056470632,1.12149045221877e-18
"A[C>G]C",0.0154955988901876,0.00641883510167932,5.50681659289838e-06,0.00235518927745105,0.000842540971215664,0.00485404131624944,1.27562638168347e-56,0.00654691358298145,9.43318081236571e-54,0.00131171612505047,0.0130989123747368,0.0449784162943541,0.00311312392325835,0.00335400428905026,0.000647117704557695,8.02795046104904e-24
"A[C>G]G",0.00205072151008595,0.00230021495684326,0.00363014508357017,7.14466102910757e-05,1.16268000592576e-21,0.00202569679193579,0.000194546095263132,0.00171185780850104,0.00024834014681126,0.000922544057146482,0.00461265433110467,0.00739634096934818,0.00099996594310105,2.01511256995283e-31,0.00025663104807202,0.00035741567025329
"A[C>G]T",0.0320498386193763,0.00748491728331745,0.00378786158546564,0.00264999225155357,0.00101074811047629,0.00202131665400355,1.11421018665725e-36,0.00713218520530003,4.36054968487108e-23,0.00156830374576993,0.0104004251253277,0.0370527887813906,0.00870029371342814,2.31303602647101e-05,0.000914373581373987,3.35132683368882e-18
"C[C>G]A",0.0114713902124339,0.00245159490815384,0.00472790292872691,7.49989511964071e-22,0.00402674616694965,0.00554173345491181,0.000708655955890108,0.00570490267997771,0.000780977562619473,0.0040465851018199,0.0102763546101235,0.017823877841222,0.00340491705759591,0.0033648654201695,0.000401404041595054,0.000570211844456224
"C[C>G]C",0.00639782339452616,0.00431058832743382,0.00454035308421135,7.49989511964071e-22,0.00196407253522014,0.00307061411453215,0.00136544106047862,0.00897122413288529,0.00153184351641075,0.00203107635348631,0.0168589387331383,0.0238871088822927,0.0028938024078425,0.00338561625594014,0.00128548718681382,0.00144937016739311
"C[C>G]G",0.00157146751600751,0.00155417513525753,0.00264377381007873,0.000118990021752272,0.00169392397046054,0.000849369768238249,0.000290154655498461,0.000845100051322862,0.000401047682264242,0.00149054738437134,0.00437045595029074,0.00212948311337933,6.3670953191573e-216,0.00162321929377571,0.000269335945319933,2.06730548576855e-05
"C[C>G]T",0.0200640400752609,0.00732608745929012,0.00345954897074973,0.00149481606051362,0.000224146643409614,0.0119275565418074,0.00121084060641277,0.0134721287175053,0.0014161600486995,0.00235161382866391,0.0213389973188778,0.0113219083434493,0.00442016790894929,0.00141977150771889,0.00108431830784895,5.71907717204707e-21
"G[C>G]A",0.00803205907223629,0.00401287890583628,0.00454581924727184,7.49989511964071e-22,0.000758855488031603,0.00295960400538348,0.000232959896582262,0.00405616994845824,0.000218747839063537,0.000767004815267455,0.0118974288944265,0.0236744861621724,0.00112744104388425,0.00249148075947884,0.000534906902264132,1.36879293395705e-07
"G[C>G]C",0.0333537134620076,0.00275495060330901,0.00535596050385438,0.000757976571198251,0.000911911307018084,0.00193576432608111,3.41549104603018e-25,0.00280819023899679,0.000252431157921935,3.22111603460906e-140,1.02594394599044e-07,0.0117581328145716,0.000823956893647185,0.00488724353251202,0.000384608903547315,0.000456632638852858
"G[C>G]G",0.0017162823568115,0.00156186611155642,0.00086675624090043,7.49989511964071e-22,0.000529925207754992,1.18744987478569e-130,0.000177963994920565,1.16020919418183e-30,0.000222556482100284,0.000277655220180517,3.66447965739673e-14,0.00265113060756767,0.00013469480536897,0,0.000430103103257607,0
"G[C>G]T",0.0146190796616273,0.00573145144921112,1.27603875252282e-21,0.0010438592474919,0.000668375649558019,0.00123344742265465,5.01545901960704e-23,0.00723218264224171,2.3257633392174e-08,0.000947118825149683,0.00978756832391583,0.0148080592098314,0.00247574949628951,1.3356924251374e-25,0.000522198953979292,4.57762400658951e-16
"T[C>G]A",0.0948791352031442,0.00210685438248778,2.2573995447145e-08,0.00662469604295064,0.00079704334795029,0.0143705313547675,2.80103405249532e-92,0.00639688377836271,1.16982255957443e-69,0.111661341132306,0.00922180758796547,0.0137539169451205,0.00730485548150917,0.0225278782836467,0.00139334227090162,3.02431333941707e-25
"T[C>G]C",0.0472658138266154,0.00708248941748295,3.67012281567631e-06,0.00366547753309538,0.00190111616387136,0.00676763935401042,1.99444147611147e-16,0.00946703902763702,1.54885875464866e-11,0.0236332260736923,0.00733822391443524,0.026045041377473,0.00356567587043863,0.00271975527937299,0.000772352800366273,5.83047206183583e-20
"T[C>G]G",0.00448803319931759,0.000290942964887762,0.0016102002956622,3.21368434787562e-09,1.16268000592576e-21,0.00109964534501909,0.000279025561028188,0.00129228353349505,0.000365037493637187,0.00356069847338486,0.00232893154338808,0.00100705239174358,0.000607320341825605,0,0.00029059580644607,0.000680840666484013
"T[C>G]T",0.129534421242949,0.013181691942593,0.0305397177982112,0.01105492700157,3.54376039981601e-05,0.0291788337123518,4.22072067510574e-58,0.0134884037244285,3.77682832175408e-39,0.109556753980522,0.00242784942852809,2.91973205099941e-10,0.0142184080479207,0.0305188604920319,0.00301977744769725,5.73367405545978e-27
"A[C>T]A",0.00902021545074493,0.0292989987658623,0.00692836563374042,0.0063903437688452,0.0101138386091243,0.0111868698756587,2.7397436855168e-45,0.0395157433902252,1.28242503853521e-57,0.0095107353414491,0.0218318398521083,0.0276066373259722,0.00256488662165213,0.0246617338324115,0.0352799201652545,1.22182131589306e-26
"A[C>T]C",0.00311098073233662,0.0132856760642324,0.01586096355118,0.0200417251729404,0.0026744054537174,0.00645231069893183,9.45038128674904e-08,0.0227995208564534,0.0139484166723146,0.00267440735746654,0.0106101087779544,0.0113939107965485,0.00196739489015849,0.00984568439829058,0.00387060364705649,0.0156684298480592
"A[C>T]G",0.00551407062113187,0.054015481837042,1.0324522175193e-10,0.00870094342412069,0.00969531789841447,0.00991442899380324,9.45096985831779e-63,0.043606104481505,1.69368346742203e-95,0.0196884753759766,9.71332666382027e-15,1.22191127409142e-05,1.8540024244682e-69,0.037110185812121,0.333742874705812,1.41988091764122e-31
"A[C>T]T",0.00405844210460848,0.017020520698206,0.0168858131533753,0.00949278851139398,0.00336438956722538,0.00941962657318406,0.0011496863562348,0.029480296656855,0.00405208249925629,0.00325052716388705,0.0283762430844513,0.00377858865336386,0.00410722739539354,0.0157900361897686,0.00291012066465475,2.00516711059293e-07
"C[C>T]A",0.0124738631441699,0.015617389401643,0.0166308171809751,0.0561193470182238,0.00180210711904121,0.0184894605386206,0.444029576353359,0.0219664233144977,0.0467902263038292,0.00971709609146937,0.0222897209082904,0.0293550452343372,0.0102790059703501,0.0101180636178282,0.0158657871418134,0.0292637577772881
"C[C>T]C",0.000213069022838386,0.0159561478986458,0.0237635541698037,0.0695906155506353,0.0218501660194214,0.0214792855390623,0.0742815460605592,0.0207939649015054,0.0796102811665501,1.366987214196e-59,0.0263332168334103,0.0316758907854172,0.00955219393491128,9.41682440251121e-12,0.00282585589333136,0.0453194920982284
"C[C>T]G",0.00561136015084377,0.0250289763237655,3.52870690355035e-10,0.00887416301959337,0.00260853352222337,0.0152110498909696,0.064472043636936,0.0250781855586685,0.0110775068242303,0.0140180183692651,0.00849883066425923,0.00939850605113807,0.00344904356434838,0.00490111719178486,0.174373337750259,0.00616636795252732
"C[C>T]T",0.00098546938674964,0.022508236307152,0.0239556472317954,0.0654181204014148,1.76082528957314e-06,0.0166280927698342,0.137779794142153,0.0448307589989816,0.0639241587140036,0.00369054777051188,0.0357471049240207,4.62522085744475e-05,0.0111354490526659,0.0121512857201148,0.00325800062848082,0.00379144610814743
"G[C>T]A",0.0130647306912231,0.0174624695830458,5.18659629511307e-16,0.00455084273415235,0.00314028166284378,0.0117071469882988,1.74725629207783e-46,0.0206795367327538,5.80467701934128e-64,0.00752476980609141,0.0240621661530757,0.0439254306656922,0.00249781003524272,0.0106116394866635,0.0108942102007203,7.46506159053068e-32
"G[C>T]C",0.0129920366041581,0.0141726812876616,0.00747011148569995,0.0159679170021476,0.00378915063060872,0.0064538819482891,2.90678677267746e-15,0.0165886508591364,0.00644633976207368,0.00653058931274052,0.0160495224944026,0.0325233487550944,0.00264952839320759,0.0175546124667489,0.00184413772329402,5.91630571429434e-05
"G[C>T]G",0.0111348277748074,0.0308679415115801,0.0191076339346712,0.00648900185101653,0.00457414711018189,0.0180591461896295,4.3708945807702e-60,0.0248101035088878,2.06792778389164e-106,0.0197580495302509,2.44416432158277e-13,6.63030524735029e-07,1.04107008359026e-152,0.0121619777882531,0.160825327105428,1.02049524318123e-50
"G[C>T]T",0.00994122262855224,0.0160987044515835,0.00943672499123222,0.0118056846478587,0.00455366135900076,0.00549629566497679,0.00343989924280147,0.0301091668144708,0.00555102546622642,0.00525553905445385,0.0146326269586608,0.0195531573389377,0.00385864743711681,0.0137543213542009,0.00247223914396382,0.000130317620404737
"T[C>T]A",0.058611123521342,0.011503011673885,0.0110377300445176,0.162097059147185,0.0275802280938563,0.0236450136051826,0.00206442507746511,0.00893703164091578,0.0211505705535761,0.2399050939464,0.015848714112748,5.56999201412096e-05,0.0246558024129247,0.0519914890201474,0.00831449954738469,0.000439332807375701
"T[C>T]C",0.0166982961366157,1.81966176831882e-08,0.00487878764254761,0.254010605536909,0.136739475082554,3.64888871337032e-27,0.0498247424327782,2.44808226164121e-06,0.149776838034205,0.0255953196223977,1.85744101924196e-05,0.00633583354301512,0.0137073213373079,3.6555297229625e-05,4.52163407336784e-06,0.137960032316302
"T[C>T]G",0.00417305356005107,0.0138353098605964,0.0176575720402592,0.0488775495422841,1.13710538549477e-05,0.0105731465869061,0.0202499950733464,0.0152228592662139,0.0276339529536804,0.0300656190446872,1.44005261012024e-07,0.0032651334365754,0.00642528888233219,0.0107778665573631,0.120489899496015,0.0178273607199705
"T[C>T]T",0.0368838788517867,0.021335162142083,0.0436260331006538,0.10149620246207,0.0157218667761517,0.017498247608782,0.0308257008489393,0.0199312807787081,0.0699324699545994,0.116458341372369,0.0272088052113925,0.0099626897116842,0.0234361026279952,0.0535244294709826,0.00389376859724454,0.00127972274397902
"A[T>A]A",0.00425690590602956,0.0150872334538338,0.00146411074699373,0.00436881396305581,0.00201577833019173,0.00578271697763456,0.00143300991402013,0.0115700872999584,0.00416807432970136,0.00203525944895768,0.00969907528023185,0.0203990222597517,0.00296669252429463,0.0148096490856843,0.00413111539809822,0.0696859892581725
"A[T>A]C",0.00270777943051693,0.00766189279411699,0.0107759199070999,7.49989511964071e-22,0.00483229611319698,0.00310199728374553,0.00147830518407927,0.0049290745262684,0.00287895614140962,0.00238649062859654,0.00741121928499829,0.00915062560875903,0.00193221427857821,0.00298672502553052,0.0016692728630475,0.00277214112672911
"A[T>A]G",0.00237979765271571,0.0110656851607164,0.00960412010465724,0.00254975614727374,1.04562289208194e-20,0.00381855924151733,9.07441366540002e-16,0.00895337525673624,1.02773575798881e-17,0.00218341182874679,0.012558083292505,0.0106713064896859,7.66280159767743e-42,0.00842754468949732,0.00144968278691845,9.40420880370872e-17
"A[T>A]T",0.0015829034601223,0.0130053872216472,0.0327981625069989,0.00435937745045876,0.00701717953809658,0.00596415234307056,0.0091586612576978,0.00567269175538412,0.0243100290066594,0.00416237175807998,0.017302417126384,0.0132362110529499,0.00588694594951475,0.0117818922205521,0.00189572854967666,0.0132944104846361
"C[T>A]A",0.00331359134023044,0.00609709411348336,0.00336611179591187,0.00186541476570286,1.16268000592576e-21,0.00322353576963773,6.7830579808498e-08,2.2553616959617e-145,0.000752014666764097,0.00216483853114177,0.00890475729313372,0.00745569179254677,0.0014766526899662,2.82889567258251e-15,3.04147478976385e-92,0.00661554543692562
"C[T>A]C",0.0038200708915452,0.00580998235246071,0.00841407352566379,1.83173208106877e-11,0.00166489089501872,0.00578122041703888,0.00174167674418398,0.0028540007519587,0.00646794742893523,0.00213383543926989,0.013554177858989,0.00629035023478991,0.00934046701531558,1.68461454495707e-22,0.00245612114967958,0.00305627151082236
"C[T>A]G",0.00277013339939742,0.007140943818522,0.00238706476470791,0.000894329510365709,0.00174701350540219,0.00165809889254892,0.00118935630274965,0.00986371078850777,0.00236032966368363,0.00318212352911056,0.0139048897653064,0.0058660561139973,0.00383700548181048,0.00782092059014831,0.00109971375958028,0.000731148475189507
"C[T>A]T",0.00436147739824814,0.00673642320127737,0.0181802435781144,0.00174687615761761,0.0029714433321767,0.0082319873592222,0.00491243245024944,0.00801752880584492,0.0179272450056972,0.00549138474716447,0.0204803328106293,0.00876866910570849,0.0229428612698643,2.33643064830422e-05,0.00116880978459381,0.00875984254977642
"G[T>A]A",0.0010048095342492,0.00308747841232458,0.00448724277541097,0.000718628283125736,0.00053540730099352,0.00415578570609656,0.000490575539313373,0.00637011612031158,0.000850415450406035,0.0014360965170705,0.00854562881462402,0.00596774366060244,0.00122907886769804,0.00273108119175187,0.000385386837735777,0.0110907411097159
"G[T>A]C",0.00161437861976608,0.00568781957076266,0.00408385356865496,7.49989511964071e-22,0.00058900364481151,6.6129080137649e-28,0.000452912578367926,0.00317981121229698,0.0015681567673557,0.00126422717178011,0.00299483417349607,0.00393808815222147,0.00191453183967524,0.00026338145241798,0.000517570540681052,0.00113014204398212
"G[T>A]G",0.00170050340458615,0.0045115816045541,0.0010221632558659,0.000561178361109947,2.98745027962181e-20,0.00333788144084958,0.000709070418917181,0.00501148261963952,0.00119457748649523,0.00276300774394013,0.0114767864861981,0.00575303135825741,0.00210120933855347,0.00576144538729307,0.00068896215888875,0.000736975499181789
"G[T>A]T",0.00144067009783969,0.00569649339478392,0.00306787443152769,0.00123506937176653,0.00160787553608607,0.00294394237115156,0.0012144870742273,0.00556100759311362,0.00833144081957291,0.00271727226625271,0.0149186776134621,0.000800033188707125,0.00662107858826963,2.80813052205644e-09,0.000203846674542745,0.0024682971442656
"T[T>A]A",0.0040130312467546,0.0144545463219547,0.0192238322432654,0.000544331568560645,0.00163464559143823,0.0109997163748885,0.00569507892267222,0.0049550620142199,0.0135916465477998,0.00472607262684931,0.0151902985818232,0.0115327079665497,0.00697568686132229,0.01437432798678,0.00365399766854737,0.0373177131610223
"T[T>A]C",0.000978734522324412,0.00613567897929503,0.00761439269177039,5.26611597202267e-08,0.00150018664957582,0.000683532717935762,0.00497372459515343,0.00933400730205116,0.0159271362730897,0.00283786410957641,0.0123782794355105,0.00967089889100265,0.00391708626873461,4.37431973048761e-07,0.000344807567364618,0.0124633679602933
"T[T>A]G",0.00136473132870113,0.00651830268252668,0.0065870494658107,8.78999141744039e-13,0.00217754846558861,0.0034572677545245,0.00343211975427936,0.00240995975890374,0.00819198918798419,0.00156853737461137,0.00770573482113303,0.00420399925843543,0.00236637967557801,0.00394352646790666,0.000646822213685121,0.00827876659438261
"T[T>A]T",0.00739161718610454,0.011777488844247,0.00741401658660675,0.00558158508516166,0.00196430967897955,0.00592939751215542,0.028541731620586,0.00698307187710963,0.129042669807792,0.0061977260820673,0.0231117732570852,0.0106786515898683,0.0112611516213425,0.0063500127929349,0.0086492365443547,0.0710949981124374
"A[T>C]A",0.00984375130686578,0.036308584491566,0.0156430154367787,0.00435785262516032,0.00158514337763734,0.00246559843417065,1.67125977867811e-16,0.045844152935804,8.61170964170488e-34,0.00421524863915853,0.0072423388231039,2.67243685167561e-10,1.76076607325792e-07,0.0126501652358795,0.00773770260522851,0.0776496588582506
"A[T>C]C",0.00682808209376131,0.0102997259215856,0.00847584565273664,0.000808690497192047,0.000596626400818279,0.00125604304091641,0.000566799297470449,0.0141798441110546,6.98232204650884e-12,0.00274153942501102,0.00544473629617381,0.00164229762616894,0.00185424123793774,0.00411399493963174,0.00178926188879606,5.39829300381726e-17
"A[T>C]G",0.00327992351657841,0.021365497073579,0.00742216713743604,0.00371532653582754,0.00324358159106839,0.00384095528023741,4.6275460168031e-23,0.0284580231757491,6.34275669542627e-41,0.00416530733637911,0.00439506403354601,7.81759989833006e-16,0.00261725394711224,0.00483785044201984,0.00449100445376314,4.72754206384028e-16
"A[T>C]T",0.00860080102423104,0.0324168771347197,0.0158861828779147,0.00223950982562907,0.00604015908686993,0.00302726623206501,0.00231935885994746,0.0472853329123879,0.00488538429364855,0.0072853867325424,0.0186828960302793,0.00160236447479484,0.00548249366304536,0.0121112695409766,0.00449293852270965,0.00508427851455742
"C[T>C]A",0.00430208419494654,0.0119750556383194,0.00745104697745446,0.00245728335160073,0.00352458383363492,0.00275993418194243,0.000918729268090459,0.0112351155021814,0.00129794889132928,0.00251938752382418,0.00494330254919492,0.00895799507170372,0.00393641479549107,0.00659815164608719,0.00114888688826838,0.0677692643127642
"C[T>C]C",0.00531229658295704,0.00914915179780245,0.0126177833828755,0.00157560381725534,0.00284145533187862,0.00511353439001427,0.00138379948785166,0.0072878600368283,1.57567676216146e-18,0.00355255172505092,0.0039589188714195,0.00954955483450263,0.0204481004756895,4.13744876445606e-08,0.00177259384927294,2.75896397108597e-16
"C[T>C]G",0.00467176302541479,0.0116745122794708,0.011783457101656,1.06322344131009e-15,0.00178650118239764,0.00343758082137749,0.0020033715447,0.0138216096320602,0.00155171218383065,0.00329369520869458,0.00494331513836239,0.00301201470860886,0.0168382194180494,0.00937805317716772,0.00267340588618195,0.00226677621835414
"C[T>C]T",0.0106250695968536,0.00994575599072435,0.0308344469497952,0.00131763284839535,0.0077015770388803,0.00578308775728291,0.00911460265047429,0.0107662578986549,0.0133231544930063,0.00559952469979278,0.011291637505181,0.0178241632474568,0.0698634441843389,0.00647133156438134,0.00183128352435967,0.0135631618385608
"G[T>C]A",0.00463750736521527,0.0164298354672924,0.0214412389068771,8.22335698960343e-10,0.00445578227973545,5.4102928998835e-09,0.00128390381940977,0.0104180387976368,1.36268529966291e-10,0.00178344035698388,1.08734059944166e-08,0.00587803047497452,0.0029055829803611,0.0133199734979223,0.00181815439483253,0.0281275718618419
"G[T>C]C",0.0125413197901119,0.00761507004881452,0.00873486982611441,0.0012388441818344,6.51525213014212e-10,0.00320856045611035,4.28696116382387e-31,0.00553015693080602,8.76968375604481e-57,0.00207042283705099,4.02838300707954e-21,0.010809792433343,0.00581482254808978,0.0117562829340452,0.00121025418619639,6.20712373787853e-46
"G[T>C]G",0.00394357970565308,0.0112006114201641,0.00745185500515087,0.00131662639864202,0.00523575547430053,0.00525353130388072,1.31547979280464e-10,0.0103130818850365,1.97940072472681e-34,0.00431577443167168,2.60119536402873e-08,2.25454496043259e-10,0.00296331856375309,0.00902205087654085,0.00403876136631675,1.39213373599997e-19
"G[T>C]T",0.00728315673761699,0.0235051907942767,0.00798241884459574,0.0121449369348442,0.0149971084598961,0.00266067344743024,1.98263702284625e-16,0.0172068471793054,0.0045410010572175,0.00310172576332252,0.000112190387732942,1.21659839278193e-14,0.00718179251596398,0.0788711943066927,0.00178482654923451,9.81578138177899e-12
"T[T>C]A",0.0108168772097257,0.0170035609966648,0.0225988655296657,0.00384938232763655,0.00848808709154932,3.87573286670949e-27,0.00570427460135577,0.0172279858762976,0.022073664633269,0.00176515987371867,0.00630459449046302,0.00928754271933016,0.00320677628516217,0.0143392277120782,0.00296000987422804,0.0830426030594042
"T[T>C]C",0.016717076842642,0.0136857450474037,0.019391747287569,0.000643637816441722,0.00442109956336923,0.00902866514986161,0.00504115918485319,0.0091049178335946,0.0102786153829304,0.00325759999985034,2.45889794089403e-07,0.00676577138684271,0.00747881500495732,0.00820468307517355,0.00260513139689296,0.0138385870585995
"T[T>C]G",0.00505377777299463,0.00876500153550765,0.0101760544173519,6.13339411483047e-12,0.00583532471980788,0.00295934380098999,0.00451686151929615,0.0100862150161811,0.0113893626489009,0.0020671920264484,0.00394870637058571,0.00160193595748331,0.00449748344563858,0.00938610259455869,0.000905206139243787,0.0138482093974168
"T[T>C]T",0.0123713748515852,0.0208652184159706,0.0217612270487821,0.00197376637984781,0.00271427596466719,0.00164188846501371,0.0164968083682557,0.0171273137189069,0.0440864474314383,0.00389004997834351,0.00599502637814813,0.00971509249775206,0.0101828897919805,0.00427344649722197,0.00611150479023637,0.0389007180861598
"A[T>G]A",0.00796201155585522,0.00797522739115985,0.00591050316711077,0.00219264304942427,0.0015028053008571,0.00467886638853298,6.33907289962641e-12,0.00587415852904948,0.001861604945592,4.97527992907589e-185,8.29226896990642e-19,0.0124911692422218,0.00567972436811234,0.00816883892933471,0.000904822159460441,0.0310652638551055
"A[T>G]C",0.0012290812905577,0.00320236677798958,0.00607253165782104,0.000263216180426904,0.0011536192714979,0.00216016399804887,0.00111293853008159,3.63621465489113e-154,0.00198139557405097,0.000735996132064678,0.000412294349109576,0.00351893659656346,0.00359401051945288,0.00181458824445683,8.11144757770898e-05,0.00211254635008702
"A[T>G]G",0.00200804693880054,0.00747105563337968,0.000708287916718307,0.00291841889564081,0.00199382392849078,0.00215624593734932,0.000960316549025917,0.00490380484452815,0.0021079068698133,4.39441883921108e-81,0.00226232531652938,0.00624867944015919,0.0041530491887425,0.0707056850584105,0.000171421201358879,2.63846270094814e-12
"A[T>G]T",0.00687191383533494,0.00311250086955826,0.0259024902186126,0.00143956520102442,0.00086436312602289,0.00153692046974398,0.00106349168464448,0.00473466148474145,0.00434325914428782,0.00366005522347869,0.00245264310452824,0.0127158254340898,0.0360875224868612,0.0069708242757969,0.000575452016163202,0.00364907345519082
"C[T>G]A",0.00216985050377418,0.00151879550974363,0.00644377870934112,7.49989511964071e-22,0.000651175836679529,0.00129570643097582,0.000910202418015303,0.00136244148472597,0.00121460634795084,0.000505704649031442,0.00806745000108688,0.00471895237877741,0.00393985220976042,0.00528750897633335,0.000102570809511748,0.00908779889043905
"C[T>G]C",0.00295523638618448,0.00298639188341227,0.00971524202186395,0.000845170938672542,0.000879974798243787,0.00277757692719235,0.00136192637111521,0.00312184880335853,0.0040617057783179,0.00122449957940783,0.00373925882208209,0.002450443511421,0.0147886032676819,0.00149337331019175,0.000510882271269027,0.00170568185778991
"C[T>G]G",0.00304655486552161,0.00519565863550141,0.0103018367133366,1.27373422271324e-11,0.00341785007113462,0.00334185309733915,0.0037958921796211,0.00451573266048601,0.00780468313440842,0.00209877639478265,0.00662574581741599,0.00453953274274012,0.0116287174590997,0.0205257017150223,0.000644631876506731,0.00205104476202254
"C[T>G]T",0.0378494462099552,8.96672988854948e-22,0.0996365889402537,4.30803144732755e-11,0.00703932968527619,6.61333195337469e-09,0.00526763250599732,0.000442162093823606,0.0132889302279257,0.0122655783934078,4.74781285965143e-06,5.25382408539371e-06,0.264631143751614,0.00355605532805049,5.15082596548329e-15,0.00659831487069343
"G[T>G]A",0.00227409376955078,0.00280021824897159,0.0024425577482529,7.49989511964071e-22,0.000480695478860505,0.00143307711113027,0.000560029767005543,0.000928684179307839,0.00086024283100286,0.000511576216159229,0.00291494881976647,0.00239056773815747,0.00197587545899513,0.00929151634996592,0.000408202466936246,0.0230928875622158
"G[T>G]C",0.00254419532470344,0.00216742165345495,7.36753071031849e-21,0.00063030248632683,0.000100721933818526,0.00263743974200814,0.000111226862089804,0.000881788759091282,0.00054089975261571,0.000971888303140764,4.41712576678714e-08,0.00212442638244898,0.00601376726057026,0.00212834837636769,0.000569382854817166,2.81676292265548e-09
"G[T>G]G",0.00225355807585398,0.0044668492157401,0.000677786835242458,0.00409499287808192,0.00654955979745467,0.00164199217079771,0.00121379967168019,0.00322008733761305,0.00150049666781538,0.00137021027391659,0.00292817523306873,0.00273850170675352,0.00588295384030861,0.0603639998090035,0.000341335619819639,6.18062666209558e-19
"G[T>G]T",0.012188849484266,0.00149602692171071,0.0242788520097068,0.00332702065155591,0.00202444629878967,0.000985048758449915,0.000434663256956623,0.00391950823523348,0.00298227882569915,0.00287121932850827,1.45008429707745e-07,0.00657693263545835,0.0602408019887083,0.00450134210792196,0.0011795174445981,7.42793159563317e-12
"T[T>G]A",0.00878093552335302,0.00671539980162536,0.0117559396806391,4.90284206679825e-07,0.00394671804206384,0.0040991359570507,0.00343151142498906,0.00498570455155232,0.0134480742406449,0.000376793083872066,0.00333049393997303,0.0170206066761174,0.0132267110576624,0.00540533101926508,0.0010724371977373,0.0266545077972012
"T[T>G]C",0.0041140743263502,0.0032107514258094,0.00789062304478986,0.000727263393751419,1.14344146436826e-14,1.60788806696384e-210,0.00366937038528191,0.00521118216705749,0.0121438245053289,0.00153398664710039,0.00245487724605135,0.00885942983635327,0.0071117549998499,0.0113628662387653,0.000669331296876264,0.00586464287193539
"T[T>G]G",0.00306342892316498,0.006071010011979,0.0116008008025731,0.00024977154122862,0.00145518431126719,0.00454454985593553,0.00397886591758876,0.00384227594431376,0.0103551236526652,0.00272538156442763,0.00546586022174928,0.0138070157397578,0.00593587073927462,0.0120409707442998,0.000775702599303441,0.00341449308151741
"T[T>G]T",0.0159121346653053,0.00878922629546787,0.0381402369114469,0.00508823118106112,0.000841721678579313,0.00696833246022513,0.01164941990253,0.0104372657343346,0.0483327875627627,0.00809621140998392,0.00719437455234677,0.014987481754617,0.0735288524215251,0.0129251492641255,0.00598152377828419,0.0238883338289352
