"","GEL-Stomach_common_SBS93+121","GEL-Stomach_common_SBS17","GEL-Stomach_common_SBS13","GEL-Stomach_common_SBS5","GEL-Stomach_common_SBS3+8","GEL-Stomach_common_SBS18+100","GEL-Stomach_common_SBS18","GEL-Stomach_common_SBS1","GEL-Stomach_rare_SBS112","GEL-Stomach_rare_SBS106","GEL-Stomach_rare_SBS95","GEL-Stomach_rare_SBS44"
"A[C>A]A",0.0124471223702409,0.00428575167249629,0.00402659191521802,0.0133525134926632,0.0281568385872669,0.0140076168599288,0.0512984368960806,0.00619161616614829,1.81678021444642e-14,0.0438440301132674,0.00237294939914087,0.00249553435639903
"A[C>A]C",0.00838933532373329,0.00178123131347478,0.0013265468144839,0.00646192665517704,0.0270574878905017,0.0201973592466502,0.0080320901177909,0.01314675603973,0.0903863970997662,0.0123662203768919,0.00779190984414451,1.20391325939514e-117
"A[C>A]G",0.000334504204851744,0.000282581875589669,0.00104174086639708,0.00267636895285439,0.00391119019874976,0.000450383484933826,0.00322878049842112,0.000990613710550557,2.16631798955095e-10,0.00479039610231925,0.00120029735560045,6.93573558287348e-44
"A[C>A]T",0.0089323710665316,0.00258200632596643,0.00307052783677076,0.00875080093812181,0.0260814050931456,0.0156638853871016,0.0210760632278773,0.00348052602933591,0.0212442558627859,2.10055487077304e-21,1.36802266511013e-06,0.00257514937732854
"C[C>A]A",0.00741075598917774,0.00180083647928583,0.00498990166414384,0.00672859726951339,0.0255831752811384,0.0103118530233812,0.0368285804918013,0.00986194918421701,0.0224259987688427,0.121910859820456,1.61825357518041e-08,0.00961035697558661
"C[C>A]C",0.00742889890026525,0.000637347087104953,0.00346864611159543,0.00666417373821938,0.0242326050342662,0.0116730623133812,0.0116808468768237,0.00454277729271793,0.0222209943768359,0.0144668711168468,0.000164234330661579,0.0199099279267118
"C[C>A]G",0.000798202509286319,0.000478686515003516,0.00111914153987152,0.00280211782632894,0.00317263714753512,0.00146522843088351,0.0035615553336618,0.000884670999298429,0.0021643839306733,0.00785929165493494,0.0158987126016898,0.00310668379221054
"C[C>A]T",0.0151382494646959,0.00244614309872863,0.00359013693683662,2.72457994728993e-18,0.0199077232842311,0.0340527675419934,0.0314625118140796,0.00375354919867222,0.0559547253789334,0.0169705717889413,4.15845273349891e-10,0.0523676225180728
"G[C>A]A",0.00716884703305553,0.0055449837154219,0.00415152267000952,0.00549664558998583,0.00661570750122608,0.00478667739214365,0.0913913868087115,0.00912686781314364,0.00168181814790822,0.0637521702281209,0.00246202293169696,0.00342349025946713
"G[C>A]C",0.00296604928594885,0.00215832556763619,0.0017170840793284,0.00392811626621601,0.0150965777368203,0.00755606444596164,0.0142771818211624,0.00953139645671389,0.0521479482268752,0.00821827013100545,0.00370401271837572,0.00152218803413982
"G[C>A]G",0.000340628185350268,8.74187471073016e-19,0.000696562391516026,0.00166613213315142,0.00167413142289185,0.000891978276826808,0.00458962331029568,0.0015101239677271,0.00036843044518537,0.00216766831466353,0.00770798817240398,0.000610306632529984
"G[C>A]T",0.00648061591369015,0.00232702982047256,0.00208991365911488,0.00109061027058463,0.013982755225264,0.00883696316302788,0.0505316598656488,0.00454845919414042,2.18602021982915e-05,0.0161306642173669,6.74239972421448e-05,0.00980528416195317
"T[C>A]A",0.0191228901653081,0.00542795786051994,0.0188391999701855,0.00776197153921864,0.0146509275940434,0.0217362376350574,0.0674721430942959,0.00674521110147361,2.12959554210994e-05,0.00655551824334402,3.10959922081291e-08,0.0013524578215026
"T[C>A]C",0.0102255154249974,0.00259333528523355,0.00978940675878832,0.0100504333085031,0.0185775997449553,0.0107801587374983,0.0351996988788849,0.00642187441799459,0.0471849897667808,0.00549224238218056,0.00445543052579343,0.00229924151926729
"T[C>A]G",0.000917545146733605,0.000179089908450775,0.00233830659171985,0.00310850773855098,0.000668058764776384,0.0019656684215798,0.0078172033850565,0.00127334294346261,5.74167748041687e-14,0.000750265833652814,0.00304132973471079,0.000188086217682744
"T[C>A]T",0.0313567543691145,0.00937558685698737,0.0083611383618071,0.000709578883452727,0.0102120896856321,0.0566625158915102,0.11130479693543,0.00703079131926442,0.0239657960267627,1.36396263589386e-06,0.000578376536096126,0.0112132524250991
"A[C>G]A",0.0138513402761101,0.000335901522310396,0.00556444729023904,0.0116828382498549,0.0166468463540216,0.000449965304289512,0.00646366028065588,0.0001459900881432,0.00330079237162101,0.0144355250463386,0.00266772570898765,0.00297394650252768
"A[C>G]C",0.00678750186893594,9.67492206071212e-09,0.0027205383845806,0.00659959859984481,0.0090187649633771,0.000451917985640597,0.00199525821252487,0.0043478780578287,0.00290945531781467,0.00832345094378474,0.00337530436677997,7.8541740520187e-73
"A[C>G]G",0.00163787713396546,0.000398746233836807,0.00163863480785102,0.00226460081669156,0.00379490459216906,0.00130256613207649,0.00116664372724729,7.46723390198234e-22,5.2808250450414e-14,0.0013047750747614,0.00304259731465836,6.83350003231979e-05
"A[C>G]T",0.0244005170278909,0.00118312626742692,0.00766481046479269,0.00773905499575889,0.0148372860598134,3.91573764157086e-08,0.00547978174813285,0.00259012431563947,0.00682874841745548,0.00757530065283004,0.00442339510437907,0.00145499498014482
"C[C>G]A",0.0076005781718252,0.000214274121879135,0.00628583398419696,0.0061162586686814,0.0136155943893539,4.13558856093095e-08,0.00278033926713832,0.000776729498056459,1.69322289322134e-09,0.00220344755623494,3.67791396646862e-08,3.9756202011701e-48
"C[C>G]C",0.00513824499368403,6.57185785867155e-05,0.00278575511212457,0.0088469126432805,0.0110745267527681,0.000392532223748136,0.00149782050181717,0.00259176072689477,1.74314561231075e-14,0.00358107341160068,0.000568453657091335,3.84360073389205e-13
"C[C>G]G",0.000391633540204704,4.4529455208338e-07,0.000466792742791174,0.00303935881478034,0.00303744181249366,0.000707063217858143,0.000591003081156339,7.46723390198234e-22,4.49902909143459e-18,0.00431570722460368,0.0102981109911082,0.000195655354891423
"C[C>G]T",0.00900806933670823,0.000730187416986875,0.00841247475939886,0.00900356334097329,0.017687344121821,0.00311334455430003,0.00283579495200741,0.00212623316392945,0.000231927194011838,0.00685946394907266,0.00276495926633563,3.57298212793121e-183
"G[C>G]A",0.00455764917638806,0.000364645060462881,0.00236167345304491,0.00340558171060186,0.00846393955299707,0.000871588410273404,0.00368005410046817,0.00062821611837057,0.00311602375022782,0.00522231218090451,0.00130583569208379,0.000466757954568274
"G[C>G]C",0.00471318909671659,1.94150277510718e-05,0.00208099322801318,0.0038006611487317,0.0102425778568215,0.000510579772066256,0.00183416944332612,0.00334344111766764,0.0156793556881656,9.33734479752386e-26,0.000402679239506913,0.00117421871079219
"G[C>G]G",0.000778434501401008,7.08695550704036e-05,0.000883760241911702,0.00128167457769409,0.00177638368284229,8.81551855898005e-22,5.62918299612015e-05,0.000779915752636241,1.85828721043467e-18,0.0025819185327014,0.00139311533245801,5.79516559312164e-05
"G[C>G]T",0.00921057488651503,0.000611283990020779,0.00416298372532791,0.00264406550317844,0.0123179255943178,9.51264405431922e-14,0.00212077031322589,0.0015942493690135,0.00519782985288691,0.00164775411760365,0.000608298317121109,0.000805103948401781
"T[C>G]A",0.0214619094731619,0.000564540852905354,0.156886896282034,2.46132168275635e-08,0.00587679091631294,0.000403695495600815,8.50713087946055e-06,0.00574030073200355,0.0191544455876879,4.53181287043536e-05,1.26564143609987e-07,5.71684698610811e-84
"T[C>G]C",0.013108655325922,0.000637774696518026,0.0371658490740764,0.00648538471040633,0.0140982753839358,0.000895423843675824,0.00219160978796782,0.00172050939174768,0.00255249004472871,0.0120152157404138,0.000636510259419337,5.6677284948438e-78
"T[C>G]G",0.00148014851100562,4.20656838934905e-05,0.00909691995651636,0.000806608092098102,0.000975549227618273,0.000685352366010652,0.000184579274897337,7.46723390198234e-22,0.000466454757693056,5.19011368069897e-46,0.00235243792232587,6.91735074334384e-05
"T[C>G]T",0.0475618209745747,0.0010742789559651,0.182869621354286,0.0116362163924094,0.020871143740444,3.8451679442687e-07,0.00922438492268527,5.11757164727637e-07,0.0458074473970606,0.0168354506507705,0.000162753317039027,0.00320039021494107
"A[C>T]A",0.00877799883869312,0.00334507415448893,0.00627782601985171,0.0482885009666946,0.0132387608697184,0.0223757942943352,0.0164426069182673,0.0213337791740646,0.00322485545027493,0.0118947881609844,0.015639773284985,0.0630312331564677
"A[C>T]C",0.00371351751754571,0.00195017983076904,0.00271087353460354,0.0249893824313986,0.00601711755590613,0.0120440850326501,0.00638674263922702,0.0126354784807215,2.84774649155386e-07,0.00435483895858429,0.00918551210205328,0.00853293438174073
"A[C>T]G",0.0361659546781349,0.00473483483036212,0.00553941016508926,0.0104763347635284,0.014386283315321,0.0266882479898278,0.0251609346101804,0.151025258055136,0.00388069095919975,0.0474116588001603,0.181156451100827,0.0226822674748992
"A[C>T]T",0.0083573986285574,0.00278624601724758,0.00422974985390908,0.0318983693596193,0.0145489167701226,0.0165389380451431,0.0138443664209912,0.014409087236166,4.56278898910515e-14,1.1972322611707e-08,0.00843499782828683,0.00858450169612688
"C[C>T]A",0.00313354458245848,0.00278876659100454,0.0108169198729408,0.0389186091601858,0.00723529671435147,0.0178774857647141,0.0133791413853192,0.0202954623836817,0.00864473170593821,0.00641363077917984,0.0170241866631162,1.45390426247408e-05
"C[C>T]C",0.00123984104391757,0.00226099268639779,0.00667265002661392,0.0382787663927495,0.0050659345559298,0.0104750006623559,0.0148704968542377,0.0157921869675786,0.0322237073057701,9.42865506058091e-13,0.00735485257178607,0.00706187250327917
"C[C>T]G",0.0169025506817637,0.00614338131539905,0.00548379364191949,0.0147732912526124,0.00432814711439824,0.00805096459482411,0.0235311692052008,0.0842975024927448,0.00565117741597094,0.000619164533589588,0.221134461719773,0.0192523965293498
"C[C>T]T",0.00397160318469441,0.0027467426728147,0.00770787979874181,0.0382908639805549,0.0190858169569757,0.0203303526177378,0.0103527423181446,0.0163389879194452,0.0267598161559926,0.0203511933637463,0.0122928213337492,0.00514914034748471
"G[C>T]A",0.00910203489716827,0.00104542590193517,0.00776794730872769,0.0212517876925317,0.00984503155834376,0.0123695579020216,0.00675854614764725,0.0177978189924086,0.0355385484870906,0.0167962043370377,0.013704757948024,0.0358018554832703
"G[C>T]C",0.00820070642406743,0.00127575389152333,0.00524220863497498,0.0151097381974463,0.00791604785881288,0.0116244985932024,0.00622035530515211,0.0202850048925158,0.0143922626712192,0.0129361633903093,0.00968931228720417,0.0414806856829753
"G[C>T]G",0.0204459557819998,0.00770083676291718,0.0048464230169701,0.0065418984838928,0.00714594202423962,0.018048113800614,0.0200694390045277,0.109606437917894,0.00675370915430846,1.21956725863864e-07,0.0927259321971198,0.0444063633552329
"G[C>T]T",0.00720329272672149,0.00177852543095221,0.00405783768403758,0.0231235300930428,0.00919954818377585,0.0164202752058216,0.00735743960809861,0.0147194795208073,0.00794905868734164,0.0132984110082617,0.0117500131083402,0.0263312333980598
"T[C>T]A",9.71236211028426e-06,0.00491124340025782,0.177028283581471,0.0170429115724073,5.81931166581739e-06,0.086271353056324,0.0174503292205545,0.0135238213390362,1.18252862063101e-09,0.0239508065621148,0.0158937141113185,4.93274556149344e-10
"T[C>T]C",0.00791921151877415,0.00453310619789703,0.0358906091414554,0.035816085577595,0.00954566306994137,0.0409706051530542,0.0165662694240028,0.0116000368025415,0.0100769225363582,0.0394028181590644,0.00960730148865801,0.00508430948516233
"T[C>T]G",0.0107095841723275,0.00281749458278987,0.0233875256075989,0.00817343583400981,1.27320359062502e-12,0.0143535621281072,0.0183399232296196,0.0605637177368515,2.78847225692892e-06,0.00509077365629463,0.0469306607480408,0.00714171834368758
"T[C>T]T",0.00728867159660088,0.0062141646968111,0.0897558648663006,0.0298253605442588,0.00453561498107783,0.0724681790306275,0.0225718401845193,0.0113374237664776,0.00511003744785596,0.0246982270839229,0.012740218200852,0.00341150402751168
"A[T>A]A",0.0118935226393803,0.00170817499137431,0.00151822846702268,0.0123629036326491,0.00868299109493408,0.0157088594973968,0.00341000337504989,0.00601756645135857,0.00420904134138476,0.005491359012263,0.00487952447715282,0.00628986729867415
"A[T>A]C",0.00385750980388304,0.00270898970191377,0.00180707363532358,0.00502900622162776,0.00965029637369492,0.00958190785416786,0.00042055028578775,0.00772136584078015,0.0431436957767776,0.0141037156907663,0.00386817004869775,0.00421618521855606
"A[T>A]G",0.00618582313727022,0.00163799755283052,0.00220649806246987,0.0096129823966104,0.0160616369071919,0.00705125814024274,0.000955930398491209,0.00545767229272292,2.75569729581684e-15,0.0079708962594888,0.00301158674211286,0.000909089631238602
"A[T>A]T",0.0163456681720711,0.00784768231381111,0.00135178727425703,0.00592261695871746,0.013191795867801,0.0351547550575873,0.0101413670368404,0.0184243376390482,5.00891919164641e-11,0.0133489478061226,0.0124896288820894,0.0258723716840663
"C[T>A]A",0.00472410701752606,0.0013339066335314,0.000996765833854678,0.00601904540476601,0.0133511483647376,0.0070937770427129,1.80511572989033e-09,0.00271203376308964,0.0288299957773405,0.00671673644715484,0.000798101758209099,0.000588331125622031
"C[T>A]C",2.87625372039712e-05,0.0100858124936593,0.0016054629867148,0.00514830782353865,0.0175938614474185,0.00827549073109427,0.00178262480077051,0.00370252078906636,0.0316016073288712,0.00747715176750884,0.00259495743115434,0.00452822118314097
"C[T>A]G",0.00323891118223324,0.00393392407031944,0.00188329546784264,0.00737015337317772,0.0170678474583441,0.00834328854925208,2.06011180924927e-14,0.00376261387228544,0.0304695449213249,0.00369221306486812,0.00231991917437133,0.000325935992801521
"C[T>A]T",0.00694093552717148,0.0369188620653002,0.00283108291460336,0.0037158424172717,0.028981694526332,0.0129751176513453,0.00358003953465601,0.00340141795331058,0.038905611877055,0.0143058655407856,0.0012161673547966,1.11644323339769e-09
"G[T>A]A",0.00384238523641841,0.000652068882261082,0.000942192843055223,0.00460124325537823,0.00738269176252826,0.00279129068529533,0.00147400276262099,0.00218252350315925,4.05773371015668e-12,0.00364080447567395,0.000217662044057422,0.00253458378807004
"G[T>A]C",0.00230955143348842,0.00237827316386366,0.000817807746635191,0.00411384642163307,0.00632284204814389,0.00433107377146794,0.00165527383974892,0.00300706530062786,0.0177231781801944,0.00591639315192278,0.000651475637289254,0.0023434352657049
"G[T>A]G",0.00200068472977416,0.000986425996326455,0.0016104555878754,0.00480210299674148,0.00992384307932748,0.00250488518650655,0.00153315371385506,0.00201970372352771,9.65469773373875e-27,0.00167058229677791,0.000954128010525149,0.00325310724961675
"G[T>A]T",0.00294336939814237,0.00810225824418947,0.00108534296066996,0.00382788352472422,0.0151262243473597,0.00938670009198045,0.000540504664713654,0.00313922107892344,1.1803643831934e-21,0.00832800805526184,0.000271372652478245,0.00236209038074711
"T[T>A]A",0.0380984351270807,0.0054814042094322,0.00138165056643089,0.00205105397954098,0.00749710234562175,0.0346326405880416,0.0134647736690662,0.0165336782296582,0.00629679540394119,0.00228572084821961,0.0179751346398937,0.0116932553320983
"T[T>A]C",0.00476476883194016,0.0022616003038887,0.00151268472313957,0.0061991372375866,0.0142526950437246,0.00505385958170654,0.00220487609756349,0.000407306634949184,0.0172054587188351,0.0107408979135823,0.00146697865711687,0.00175660856720731
"T[T>A]G",0.00574707245063879,0.00122148981122633,0.0015335863682119,0.00448398867588148,0.0086807280165913,0.00348709469284941,0.00227834116431793,1.22301658230142e-06,0.00167631986860023,0.00781400665514539,0.0005536232902213,0.00217691505951622
"T[T>A]T",0.0188897559208328,0.0142192004186037,0.00128119968561109,0.005011773586604,0.024912064452392,0.0191351375175291,0.00518076630558667,0.0162619104632974,1.64366829368159e-14,5.34427679304925e-07,0.00966625874075126,0.0272481585489377
"A[T>C]A",0.0324104852478729,0.00301125229361949,0.00800098990804798,0.0347219592483004,0.0124746851807273,0.0156431114274031,0.00800473149823674,0.0125346262509367,0.0274823304241918,0.0356018110890926,0.0152615375930235,0.0406416994953904
"A[T>C]C",0.00843221574457417,0.00333261246015492,0.00216447403609832,0.0130817446419446,0.00763749577239529,0.00362641714201132,0.00370580225742868,0.00654945284245717,0.00992511939528498,0.0101602612294871,0.00439530474780956,0.0102451416220038
"A[T>C]G",0.0136212344211566,0.00219661530444384,0.00439695696484461,0.0246448594590815,0.0131629015429371,0.00965759021085641,0.00243763025683305,0.0112087154843841,0.001811218081526,0.00813245326533306,0.0120748222217195,0.0348733976130165
"A[T>C]T",0.0258917394909751,0.00393790944991507,0.00553283971049162,0.0353167889542257,0.017175042511431,0.0127106302558693,0.00311522876847408,0.0145347084802182,0.0146834139043638,0.0195723044665701,0.0109455415982298,0.0121918380203425
"C[T>C]A",0.013297825383652,0.0062366478555602,0.00198127643995692,0.0101905888889571,0.0103518649985461,0.00913454842984101,0.00235287662037936,0.00552296923760629,0.00951559520110963,0.0040453431249974,0.00443773512431769,0.0214243985092524
"C[T>C]C",0.000646681587545804,0.0329902197561329,0.00192710327227106,0.00581974466801366,0.0187892524026931,0.0044885306513257,0.00392008262066245,0.00912468920312012,0.00883586275978677,0.0036394720449621,0.00528956761689045,0.00879672853491307
"C[T>C]G",0.00672983224419445,0.0242207063433682,0.00192637926519273,0.0119806557517742,0.0120617857566582,0.00498728371166854,0.00270291208365174,0.00711181100012936,0.0111819490448462,0.00413151378240195,0.00811025642521158,0.0333226389277419
"C[T>C]T",2.84386210718403e-13,0.129936881199421,0.00340604680978272,0.0152259886682843,0.0134002175169908,0.0128660718439605,0.0147990663163601,1.21251395566434e-14,0.0148527908694033,0.00920454420106852,8.21722883272756e-07,0.0254151335599123
"G[T>C]A",0.0135253551893155,0.00206184879216935,0.00223188545958448,0.0140787106632997,0.00612287355514968,0.0114117618410014,0.00397410921750817,0.0118407429568249,2.58925013394333e-05,0.0127861219126116,0.00740193013470958,0.0454473176950119
"G[T>C]C",0.00599909707808483,0.00719113939603593,0.0023516118661826,0.00796233183681458,0.00579484421371227,0.00382273156094359,0.00401408057746494,0.00847828712294034,0.00993323548780215,0.0106309090356662,0.00433828231146283,0.0129728964669764
"G[T>C]G",0.00607830062182425,0.00521206626420087,0.00322228779601697,0.0129031459440155,0.00850055301361987,0.00570169390520705,0.00413643592029576,0.00772968290339043,3.32320713988981e-16,0.00425422065819163,0.00597205304091316,0.0300438817733558
"G[T>C]T",0.00860258079709614,0.0109454076260413,0.00290225416327656,0.0203766985029528,0.00817727496404151,0.0104290318413882,0.00397960071921042,0.0122283893941672,0.00335928721550197,0.0163193951863333,0.00778186888386033,0.0243798533484083
"T[T>C]A",0.0364896780768537,0.00600084894412939,0.00358965441415013,0.0109611866997198,0.0046633949864532,0.00784433211887284,0.00761258659857815,0.00697655122838343,0.00453174836150118,0.0141546005331272,0.00771674726526779,0.0281996056807833
"T[T>C]C",0.0186165112423479,0.00735942469613364,0.00416207792403965,0.0071642967481115,0.0106850016763326,0.00902032974072432,0.00624593472513679,0.00802732827187539,0.006157739357284,0.0158203322962334,0.00702467362179971,0.0208929525785331
"T[T>C]G",0.00810130490756664,0.00532377138371647,0.00333458732667384,0.0170078041033816,0.00446744314487019,0.00670813510259359,0.00503346653802305,0.00521497029182357,0.000110660765473912,0.00568912896943723,0.0023287226252205,0.0194602017388978
"T[T>C]T",0.0188409539040559,0.0176166631712041,0.00290459411527362,0.0234678126994797,0.00847338767298702,0.0105205467681063,0.00663445876835985,0.0134902901305846,0.0119762672571048,0.0221961785666456,0.0162609741451376,0.0528776837196184
"A[T>G]A",0.0176456772548011,0.000986164864648054,0.00082238053628522,0.00451271424477998,0.00340466688028888,0.00154714237252831,0.00303346515134017,0.00357717664401637,0.00198483649196475,0.00879876053795276,0.0025358286707337,0.000548847936045241
"A[T>G]C",0.00378059090302053,0.00284543930527591,0.00104069516844531,0.00186708759413269,0.00260705633334946,0.00268652575151209,6.60469634966715e-22,0.0014965745660827,0.00215866357302219,5.23011496212259e-37,0.00210593939737187,0.00133078687097845
"A[T>G]G",0.0064757177482323,0.00121055041571773,0.000816735238776074,0.00569481949263956,0.00868942667129735,0.00221449728284189,0.00241536603973328,0.000520759288810481,0.00162922185101741,0.00369775877038688,0.00153573813830598,0.00114609050268344
"A[T>G]T",0.0096939413141428,0.0434253273597912,0.00192067823668125,0.00826579477910733,0.00463288818499597,0.00659406277982908,0.00291812707323814,0.00129823603891113,0.00325513536875282,0.00172076545597056,0.00537766177276002,0.00260672728322871
"C[T>G]A",0.00764710758514635,0.00187386572445005,0.00123435506397703,0.00320455279801003,0.00274724693771605,0.0023279264483915,0.00151155686134409,0.00205916110311164,0.00134827835951145,0.00273289962595976,0.00312902314618064,0.000560669998340801
"C[T>G]C",0.00325391976114758,0.0137972624879834,0.0017392330196093,0.00490052117558224,0.00533308927430293,5.60064784498655e-20,6.60469634966715e-22,0.00307018507945762,0.00174466645902488,0.00191935768891312,0.00193460483213897,0.00433235539133544
"C[T>G]G",0.00458732836062576,0.00736893780288143,0.00119945802132216,0.00511430787738044,0.0119173692410079,0.00451054289768728,0.00221479956104802,0.00255164810704412,3.90702393818746e-07,0.00163444876904954,0.00341990463438043,0.00525950224600453
"C[T>G]T",0.0420863465058626,0.290052424214315,1.00389806265e-06,1.25928574123453e-11,8.60837945750079e-07,0.00339174211927778,0.00532448631597864,0.00634890970476945,5.48048495964116e-05,0.00467964452364626,8.11911729213075e-05,1.28246233499671e-07
"G[T>G]A",0.00291570087496662,0.000881224052693574,0.00104875033355128,0.00213379212476913,0.00348260671548812,4.8414091602937e-05,0.00182320237114614,0.000941635980332371,3.23434079929041e-11,0.00234929740093563,0.000936415404407294,0.000613932267474609
"G[T>G]C",0.0018413300919213,0.00349657203456787,0.00038214326793962,0.00266122644984733,0.00225831331059621,0.000462098314484424,0.000537306890090137,0.00149887194024009,0.00306436852243679,0.00217160353898361,0.000472019754811839,0.000725643191853211
"G[T>G]G",0.00306970631258527,0.00166710426743797,0.000919536115328222,0.00575618052922564,0.00826991721561235,0.00296641403088466,0.00231290061926893,0.00134283874544463,0.00192499164677828,1.20381607001643e-34,0.00207715184853351,0.00100543804821799
"G[T>G]T",0.010687830678099,0.0627797580523352,0.00230428102617324,0.00258345459726158,0.00534499369397979,0.00170473380228281,0.000510055862602698,0.00519353311244554,0.00285876033233761,1.14862888146152e-07,0.00525057271214137,0.00562602669744465
"T[T>G]A",0.0250837723861052,0.00290644372866673,0.00214826308808301,0.00590160508752776,0.00537043162871343,1.35105836278657e-14,0.00301005323146717,0.00565092125961313,0.00375010214070675,1.50844955415757e-10,0.00487981510229754,5.11588092912016e-93
"T[T>G]C",0.00709505202795371,0.00497914330306479,0.00135164245447404,0.00571243646219457,0.00381874883678337,0.00146279981480609,0.0011203962882422,0.00242869363717477,0.00291812732044475,0.00557365339343201,0.00248068506177044,0.000693873809512846
"T[T>G]G",0.0110170780462601,0.00322071641799676,0.00273230228980916,0.00404009387725122,0.00869484159260379,0.00275950121390585,0.00595628037194039,0.00158281957772005,0.00492879672463883,0.00532396336554135,0.0014181819006407,0.00494226890365687
"T[T>G]T",0.0297358327831486,0.084210034900368,0.00285825186170331,0.0130754437296204,0.00679391456422502,0.00551378743009103,0.00485522001594774,0.0141247902618275,0.00869203686489468,0.0101133779199217,0.0113763274399243,0.0244115166309527
