"","GEL-Uterus_common_SBS17","GEL-Uterus_common_SBS3+8","GEL-Uterus_common_SBS1","GEL-Uterus_common_SBS18","GEL-Uterus_common_SBS13","GEL-Uterus_common_SBS2","GEL-Uterus_rare_SBS44","GEL-Uterus_rare_SBS10a","GEL-Uterus_rare_SBS20","GEL-Uterus_rare_SBS26_a","GEL-Uterus_rare_SBS10d","GEL-Uterus_rare_SBS14_a","GEL-Uterus_rare_SBS31","GEL-Uterus_rare_SBS5","GEL-Uterus_rare_SBS9","GEL-Uterus_rare_SBS26_b","GEL-Uterus_rare_SBS18+44","GEL-Uterus_rare_SBS14_b"
"A[C>A]A",0.00856018436091386,0.0229754443482354,0.0133054833512066,0.044389183076743,3.72730409885199e-14,0.01422282058895,1.13730767516281e-32,1.60511398982091e-07,2.89571876617278e-223,0.000990881807202736,0.0090851765432874,4.49682238520013e-250,0.00943525661667563,0.0265260869153999,0.00378878646059282,0.00747059186751264,0.0190123183394562,3.86251034534753e-209
"A[C>A]C",0.0049376636701113,0.0217730446573636,0.00858569757394751,0.0171548669240625,0.000341943392938161,0.00805426357706997,0.000939237963220584,0.00186280653818429,0.00183338401717759,0.0016739394163311,0.0100155664384863,0.00239271982917049,0.0275125067395052,0.0108530907651903,3.25051555821182e-42,0.00472906624588786,0.00639686297650914,0.00196500160263146
"A[C>A]G",0.00222324115537502,0.00380869160121932,0.00301037930634284,0.00437369075273434,0.00032650135739883,0.00252042998101524,1.48521047792721e-146,0.00014245894627228,3.46015040675563e-83,2.07890038188712e-100,0.00177107720874402,4.56893150387787e-230,0.00224153250696583,0.00174742910488393,0.00235945102939873,0.000560936867797706,0.00177035022248428,1.30279963774453e-29
"A[C>A]T",0.00495442024418235,0.0214277817530332,0.00413485283040418,0.0228254726632904,5.38227529617079e-10,0.00868173896728142,0.00302733352260292,0.0220964856083924,0.0143083856570466,0.00119014645096726,0.018751352205941,0.0202771088177571,0.0199778768780164,0.0141440025808591,0.00604027377526842,0.00572142116081145,0.0116514971446155,0.00896765630683329
"C[C>A]A",0.011830610921471,0.0150765247114682,0.00661236945682872,0.0413573973252477,0.0038025472372029,0.00376177347708374,0.00934539881833679,0.00336205745113661,0.0202078266623609,0.00223781377268856,0.0145342194092551,0.00499204800733879,0.0106369957428516,0.0170162054987806,0.00381962333805023,0.00455913759537459,0.0483989291266156,0.00159527175956478
"C[C>A]C",0.00442834652397454,0.018089036649983,0.00372660039259346,0.0141782340332783,0.000492009515469638,0.00433902452608902,0.023582802600374,0.00137391712636229,0.0256101794305371,0.00438429342525918,0.00839909298890015,0.00619053393741075,0.00831564033771406,0.00763106359982745,1.99805843672055e-18,0.00714212789336648,0.0228305652847306,0.00180533369516466
"C[C>A]G",0.00113557267935513,0.00245867119989335,0.00256590166114401,0.00633769160862434,0.000764820186427712,0.000748370192399432,0.00398250994405219,0.000347508014984842,0.00427334687819493,0.00048792959150927,0.00390324289686728,0.000651569672407412,0.000644518240914536,2.71192241217799e-101,0.000341106151650646,0.00186475871233565,0.00708657051168326,0.000429047334178584
"C[C>A]T",0.0103954761591932,0.0157043249091814,0.00205907320971642,0.0326396339407126,0.00102926991591767,0.00676483176779116,0.0560335581749949,0.0372943932823628,0.154736682745409,0.0110621857314058,0.0372398376350738,0.083120801342137,0.0246713522916653,0.0199009449138216,0.00371513459442143,0.015928720408212,0.0658641234983221,0.0171990901087525
"G[C>A]A",0.0125067635637856,0.00451606661822716,0.00803078536181561,0.0629751492143269,0.00122663783346796,0.00696986039023042,6.32209783432186e-28,1.21022077668276e-155,0.000883323920588987,0.00172657168919584,0.00447627988627668,0.000634678443208993,0.022444118051106,0.0148967043459603,0.00290115077908326,0.00185164930421784,0.0314572246968635,0.000104183764098744
"G[C>A]C",0.00426195521403605,0.0103654353897035,0.00347950992388763,0.0140698167511218,0.000941763399548357,0.00250408011673396,0.00230079670323873,0.00132508882946993,0.00462282221528033,0.00410911162687843,0.0161019880549869,0.0055984932958332,0.0457608400933256,0.00651200115145141,0.000821439425701526,0.0028934126556911,0.00951368615936846,0.00231056977803774
"G[C>A]G",0.00133336973756725,0.00139723073264028,0.00362397592803969,0.00397821749855449,7.06180214422686e-05,0.000944830795254473,0.000395740516188109,1.36904018453535e-156,0.000462205695839357,0.000455096362146113,0.000822131556320285,0.000255264127009521,0.00167914722677598,0.00244790839135995,0.00132221550129685,0.000803941293028812,0.00208661730022395,0.000310057775068863
"G[C>A]T",0.00624882650130944,0.00790289036474615,0.00259425865521756,0.0383323765676799,0.000543944145541965,0.00412522180638157,0.00661226367671207,0.0133505341206437,0.0253949010802751,0.00240031569556965,0.0130880962419342,0.045291552415595,0.00303819194585294,0.00978502853071616,0.00214476253109265,0.00464631447048096,0.0317426852016451,0.00825781808736014
"T[C>A]A",0.00643444881480516,0.0131114506843002,0.00679824606387829,0.0419383795097677,0.0227868330393878,0.0391873604054124,5.29861761898197e-47,0.0291819754179782,0.0012217963950189,9.95000483356705e-67,0.11642953210201,1.67631753604468e-23,9.22328903558263e-21,0.00368274333019158,0.0147706878386603,0.00375979173683663,0.0545687842791978,0.00214738030098277
"T[C>A]C",0.00332240371293148,0.0151792171879034,0.00725300588262774,0.0255325009245883,0.0098268217525339,0.0191642890687631,0.00168008292672656,0.0102662202124353,0.00346243943040699,0.000602838352116102,0.0107490602684887,0.00559315445242875,0.00877274737879818,0.00724613844495541,0.0060139610071154,0.00234844665897684,0.0259517888118314,0.00431560453857853
"T[C>A]G",0.00123708738613285,0.00118122195980932,0.00372363292072185,0.00420076632202383,0.00224747812064395,0.00397889105263685,2.26395721266454e-59,0.00107596178795316,0.000125802346303862,2.51656824898974e-245,0.00611445544462971,1.33927064085742e-251,0.000736961202911129,0.000819380350534546,0.00180981938020542,0.000537959465500806,0.00495052606120458,0.000108837727882456
"T[C>A]T",0.0205166813390075,0.0113179526715598,0.0100888717328488,0.0794362005283331,0.0106125588992901,0.0413915432214319,0.00956216631808075,0.347828602555777,0.0297212415404692,0.00153031430907877,0.19716486047392,0.0546274451164205,0.00186069359470227,0.00706027366099634,0.0137935651512518,0.0103812069479514,0.0816330475340628,0.0477376704731252
"A[C>G]A",0.003757668925889,0.0181520643543788,0.00415691140129201,0.00236071514712964,0.00635663608254452,0.00102259150052921,0.00202181813393794,0.00054044623792685,0.000147144578035083,0.000295177466391606,5.33220423718095e-15,0.000786393531842247,0.00669616904833809,0.0162707229703769,0.00824732578394748,0.00335936031986306,0.00367823719338715,0.00245802757183137
"A[C>G]C",0.00282931382304504,0.00899869232048132,0.00264555793468162,0.00240238024855827,0.00209897791240653,1.05029290341708e-12,0.000442932472497022,8.88968223903044e-05,6.53651966152637e-05,0.000575116738419423,0.00039224927373942,0.000230296160276765,0.00442999611398705,0.00392945674758559,0.00349828940498392,0.00102099115229683,0.00165291545125085,0.000426470840117012
"A[C>G]G",0.0023569499968939,0.00716970226210569,0.00434187255679293,0.00245509543216723,0.00169467882160894,1.8349038105516e-12,7.14999702109262e-229,0,0,0,0,0,0.00351731418864229,3.0134175976533e-75,0.0100779628839883,1.79867140741049e-235,0.00165430471459924,0
"A[C>G]T",0.00400385888017846,0.018837290532865,0.0046588476120592,0.00379791732036553,0.0055356710822181,0.000837999096345381,0.00226230976175139,7.73166696307008e-05,0.000114444469727075,0.00052553466124498,2.71144983748552e-58,0.000312435137777591,0.00977631378836028,0.00849519309546137,0.0200943657252196,0.00292879467191075,0.00343922627044468,0.000465728635973466
"C[C>G]A",0.00442211981855801,0.0107260935588595,0.00145826395223441,0.00217700570201588,0.00559019817513594,3.01815431033404e-13,1.41330268082482e-212,0,0,7.98698310174252e-135,0,2.31933845864888e-289,0.00178846727257551,0.00523151582358507,0.00225332922595014,3.76730972213899e-260,0.0013792910472804,5.71431296315566e-05
"C[C>G]C",0.0025980069783624,0.0100313850755464,0.00145073011002837,0.00180079616493107,0.0021495453868072,0.00097473711682721,0.000349203321245191,0,1.43418270931509e-233,0.000364910610874338,0,1.14628379047489e-79,0.0031445210214976,0.00506908242907999,0.00296876401267763,0.000499374588848999,0.00116541193846509,5.22261761229245e-05
"C[C>G]G",0.00286780083470977,0.00513070315526111,0.00461076988206665,0.00213793734243311,0.00135043741831554,2.36488294383549e-11,3.64374587071934e-229,0,1.03601818208952e-153,0,0,0,0.000836707666249114,1.28041256341737e-18,0.00295187144862487,1.23941411613141e-223,0,0
"C[C>G]T",0.00348871487310086,0.0162197046261466,0.00256359744648623,0.00204450565943074,0.00768778635834887,0.00165603780528211,9.94665126949669e-216,0,0,1.7690299434267e-139,5.6800488389157e-220,4.15377099557208e-253,0.00366292283468171,0.00584096440416203,0.00804295028053466,7.50526327011846e-128,0.00172777785245498,0
"G[C>G]A",0.00417606081044557,0.00760943142583966,0.00118603806940397,0.00170203713126874,0.00224712013978326,1.08651470030056e-21,0.000134165306384629,0.000348457392434975,6.66668763459187e-106,0.000283605895658855,2.21196004597675e-54,0.000747374876353697,0.00233043385988602,0.00667838372110846,0.000979109465836702,0.00055024954228521,0.000854820121162913,0.00149588504292449
"G[C>G]C",0.00316470908775129,0.00677351581655429,0.00244284923512968,0.000942763640116382,0.00186847388961054,6.21747854439223e-06,0.00135841528380914,0.000125943868811849,0.000441865628807396,0.00222823631532158,0.00126796894501797,0.000467884450773194,0.0191155627727434,0.00570160991884997,0.00266448762405764,0.0022004379422741,0.00167514697469314,0.000461208784480301
"G[C>G]G",0.00242292646630093,0.00289572998530648,0.00131020830330405,0.000912752749735376,0.00063712354198356,0.000122641937124249,2.89264371794747e-70,0,5.80822545719241e-252,2.52421337757273e-136,9.7487994167935e-315,3.29263077951023e-219,1.01294087821718e-217,0.000372558180544874,0.00256651765560822,0.000129801602695534,0,0
"G[C>G]T",0.00408884420057204,0.010958055439556,0.00168906651258776,0.00203647249088452,0.00419221220373126,9.7281474298729e-14,0.000859977121366708,0.00014402694264169,6.74353887212374e-05,0.000814806103549047,0.000169169511485198,0.000531662107397135,0.0113429848740128,0.00837226542816609,0.00489489765085042,0.0012984858216602,0.00126513025430079,0.000517695828660571
"T[C>G]A",0.00270422814293709,0.00514939817512544,1.1776623786696e-07,3.51117016247411e-10,0.231289862605611,0.0162527021880006,0.000358969649505585,2.4937188820237e-139,5.91277698325872e-197,7.3611190419521e-05,4.97256925323989e-05,1.23268448711359e-62,0.000109683897466484,0.00515860465611637,0.0138165603586624,0.00111704826478535,0.000541014207265577,0.000146919419559772
"T[C>G]C",0.00171582049320368,0.0126515331031316,0.00243625806456955,0.00116811785976771,0.050053028171724,4.31447449601368e-08,5.84582498552228e-121,4.06773799796468e-115,2.50346868098997e-267,0.000380448980616696,5.46887071022524e-05,4.22688542599531e-05,0.00362066911629778,0.00739495905742435,0.00883708148967415,0.000462311204215063,0.000852954569003086,7.68807238686992e-05
"T[C>G]G",0.00146710214144483,0.00278466900127051,0.00292950885048659,0.000688906749131977,0.011198748921185,5.03107021782698e-11,9.4137700398156e-254,0,0,0,0,0,0.00121329871075799,0.00353680447217939,0.00305774936959822,7.19343992833665e-109,0.000176090718109615,0
"T[C>G]T",0.00654486126948342,0.0196177393601508,0.00163906070360392,0.00177009649496813,0.257594355186335,0.0512868139294136,0.00126961368743061,5.36377299273422e-295,1.243132306849e-257,2.19492934510018e-20,3.28657313618592e-05,2.17658543953784e-227,0.0106761802486834,0.00569195976030016,0.0594436005300906,0.00429801116182382,0.0022312274526188,6.39614714918527e-178
"A[C>T]A",0.010347115220964,0.024385422448448,0.0262449597642725,0.0154269702649846,2.86683045873628e-05,0.0218824544771502,0.0841755620933566,0.0036847425389514,0.03967688594925,0.016417590337181,0.00342829566194872,0.0502968918952906,0.0126059845294774,0.0507180680837521,0.0035947525526323,0.0166510255842083,0.0538905411058997,0.0163643231124085
"A[C>T]C",0.00428480165538832,0.0108103676316735,0.0150300673519527,0.00707200502477557,3.15588744976044e-06,0.00824235891627041,0.014697551023814,0.00601572687598165,0.0254588031531676,0.0103971581011467,0.00867191565562008,0.0275657903393548,0.00456048224358503,0.0194995369649468,0.00345393725921361,0.00468332130888696,0.0067986562710455,0.0200248114208833
"A[C>T]G",0.0360831404325907,0.00569063670363067,0.128386793057216,0.0635022132821833,0.00587459805901764,0.018164765987561,0.0422240423680673,0.00984325670739323,0.0131891287632644,0.00419430930639034,1.62168540658181e-98,0.0528600342605498,0.0033617485377802,0.0622914277429017,0.0128557237427217,0.0016906435117953,0.057032376300617,0.063879561624356
"A[C>T]T",0.00576614581124145,0.0226535676615847,0.0158704044380464,0.0151957125621034,1.49432602982273e-06,0.0129736870521409,0.0177851342010285,0.00925768518568977,0.0201819106894687,0.00770554315255959,0.0050636598838236,0.0307818678024527,0.00403333557002294,0.02423245902932,0.00352572829547672,0.00442648678773174,0.014233590370385,0.0206618730678997
"C[C>T]A",0.00429451124726668,0.0127271357093752,0.0203197616643927,0.0114975626775685,0.00541537770161463,0.0185930480378038,0.00681244931686275,0.000708011252130844,0.0157122783076983,0.00493744893741894,0.00157212786664496,0.00447945631274685,0.0246001012173829,0.0169595754103232,0.00300220349021806,0.00311706534651056,0.00739006137667523,0.00926586692189426
"C[C>T]C",0.00383309444524566,0.0119048042181069,0.020474610244697,0.0097567058867515,0.000433854627335689,0.011086017314535,0.0101286193801986,0.00212485363110519,0.0263399398278453,0.0173133492314071,0.00450240113904834,0.0162546431336582,0.0937286342674315,0.0175471036836248,0.00185713287950007,0.00682163167136353,0.00667496522321911,0.0253832307771177
"C[C>T]G",0.0192579242211135,0.00283364831520254,0.073713255846031,0.0388316197034691,0.00661466380244899,0.00749765330633842,0.0274821342991656,0.00371017543927257,0.0130881664974081,0.00251816477926449,0.000691738124840954,0.018397750193081,0.00191384919461107,0.0191152144554531,0.00146727893512495,0.00360564976351808,0.0303847098089221,0.0550232238534684
"C[C>T]T",0.00700084711069844,0.0206268066961976,0.0207022676782897,0.0147434405676572,0.00132052725899841,0.0175417249142787,0.00914642528359605,0.00340268590702741,0.0226821241252532,0.0143289324655283,0.00453142614949598,0.0156617936411473,0.0747700210358712,0.0315260771560898,0.00577104528524325,0.00773415353552121,0.00824390852900627,0.0240472022077489
"G[C>T]A",0.00634714592320563,0.0129685802262635,0.0197450165180414,0.0109910674320474,0.00334823437141313,0.01045014531688,0.0540189583195395,0.00493388371426405,0.0341494424226806,0.0322224942567548,0.00333873973051405,0.0760682927633921,0.0162103718281544,0.0200501286932676,0.00145350987949167,0.0103788547890365,0.0310936718808369,0.0249172223016827
"G[C>T]C",0.00476741575995179,0.010864580986579,0.0194108175148809,0.0101598043972891,0.00117479347376766,0.00917573551874543,0.0477479536871125,0.0162677226077155,0.0461891326591661,0.0601680704328785,0.0127817895009859,0.0806268403832274,0.0120178613899264,0.0161457087529371,0.00224252539295069,0.0218318080369919,0.0166293759962311,0.0371197114502975
"G[C>T]G",0.0145139091431858,0.000892109656917391,0.0848798781647014,0.0464183757345923,0.00732625184201912,0.00841333320620341,0.0545387623994726,0.0173776805844814,0.01800284620242,0.0094821342858847,0.000971579649315619,0.0921625170362132,0.000796773705997846,0.021547811337752,5.66482921142945e-16,0.0357940339023642,0.0346181326946995,0.0832150092618081
"G[C>T]T",0.00368959285495607,0.0142818418395932,0.0193162968287152,0.0115774257485279,0.00087706204532336,0.0121234071439319,0.0401902807879945,0.0181116784239676,0.0310646128298791,0.0440419809398091,0.00804972285489523,0.0683006374538468,0.0105012995308229,0.0207942296671863,0.00366844268888184,0.0142598032956022,0.0234493433076538,0.0322152003083255
"T[C>T]A",0.01066561156222,0.000469684515923723,0.00393320075595174,0.00562777028819038,0.165282941194915,0.203860423833653,0.00747841365958653,0.00465585585683449,0.00496741372486439,0.0111109577424939,0.00186578612631662,0.00909093987710863,0.000288354131077982,0.000106923833625752,4.07337608887299e-12,0.00407388670008973,2.87705571725371e-07,0.0106134021218845
"T[C>T]C",0.00123972696569759,0.0131605978494612,0.0208022453885404,0.0124158489595479,0.0233777981291161,0.0705545744001943,0.00832944698298005,0.0186312147582268,0.00959772099761277,0.0165427180700627,0.00725180690249667,0.0213161924434272,0.013885407448756,0.016221717729783,0.0100394456069434,0.00626850992520001,0.00645792229049201,0.0352119955609356
"T[C>T]G",0.016925363615398,1.38734628014001e-10,0.0536069515272542,0.0248737193551718,0.0198950485028338,0.0276966991096296,0.0133856979663165,0.0678707528207641,0.00282011284496021,2.86852657729786e-09,0.00336406666656364,0.0133217917948491,0.000129430062011873,0.0109523665612051,0.00161897370382376,2.43930257497525e-34,0.0217284709632705,0.041143981493459
"T[C>T]T",0.0116929861812233,0.0119383779384398,0.0114179120735855,0.0156968285041871,0.0639860905634203,0.150683482997812,0.00908631713087342,0.0450912567827103,0.00688718806655646,0.012999479291287,0.0071271632630585,0.0224030205747883,0.0114845526398047,0.00733898148184029,0.0103039680904434,0.0096277972505117,0.00609965064580723,0.0385273452887429
"A[T>A]A",0.00498245212612008,0.0124767113471916,0.00840002189547481,0.00511205309990571,0.000218747192019363,0.00719850371766455,0.00300686820550728,0.000947491592219532,0.00150929686484205,0.0181488201552684,0.00683281153276098,0.000799692680740148,0.00862724184919026,0.0106463120117585,0.0409917778992477,0.0162106182405919,0.00256141435724447,0.00138305994234268
"A[T>A]C",0.00312535575946843,0.00925127879212805,0.00449783664355858,0.00326622980767764,1.464137423641e-06,0.00409622039157346,0.00267621569989515,0.000264860136610085,0.00848597815228442,0.0140094053757004,0.00977082327405168,0.00110371148957059,0.010622500000316,0.00836344053625811,0.00176263920026045,0.00701571310960945,0.00244996984705932,0.000613973128171001
"A[T>A]G",0.00352926230189645,0.0120666502974576,0.00410871514986742,0.00634600072096356,1.57376891822284e-06,0.00459654297062788,6.01261893045146e-13,1.81335381923601e-251,0.000868776990963352,0.00265823752066129,0.00421521553020079,9.89819265690367e-115,0.00623574657581599,0.0114846294380817,0.00904312266330678,0.00355800716068955,0.0016015944230978,0.00014193065693379
"A[T>A]T",0.0122313409376464,0.0146806674105266,0.0133482824980152,0.0146420343910602,1.43168565263942e-11,0.0123687520640074,0.0218373970990598,0.00615156904209627,0.0195020532329172,0.0100473278792545,0.0252486708788354,0.00804115206272562,0.00883322428925676,0.013794574246791,0.045125167615064,0.0381555538164687,0.0117324615790464,0.00594975077164782
"C[T>A]A",0.00224258024703328,0.0104376988267328,0.00122521850447017,0.00273000194654148,0.000811560515244495,0.00172026663832488,0.000269619253010621,0.000122847808244611,0.000342539218964839,0.00203537976770924,0.00243617515281769,4.45411692309258e-05,0.028832721588124,0.00508302563346288,0.0124922698530601,0.00289082405557216,0.00172994441757911,0.00013202480180616
"C[T>A]C",0.00768311650395506,0.0124450813693763,1.85800914436812e-08,0.00471548605691203,0.000114226413411466,0.00357720884285359,0.00462561456022039,0.000297199579677885,0.00412067887010485,0.00387601196223789,0.00162036830322702,0.00189722745857669,0.0302380438882764,0.0046784537375371,3.57131685790111e-17,0.00652057634004242,0.00419256984056123,0.00133350779516391
"C[T>A]G",0.00445423837204204,0.0122361278022315,0.00208989681659902,0.00321491627119051,0.000538456295347305,0.00322938751167642,0.000422781903127982,0.000200301006959684,0.000845208773184941,0.00302904829892137,0.00425825397442403,9.49824101835368e-05,0.030431144388872,0.00852240287271145,0.00953907525061523,0.00219080433956511,0.00199759155708563,0.000157982228658612
"C[T>A]T",0.0181963278042259,0.0186991272506329,1.30265852438291e-15,0.00707363368110361,0.00217853568670632,0.00225521708126377,0.00148270306529419,0.00107693844872676,0.00271311112029008,0.00175447753925179,0.00280489196608792,0.00131031224673799,0.0436493307697706,0.00880878015274444,0.00273809903236574,0.00174426857880219,0.00281016851048923,0.00115058282957513
"G[T>A]A",0.000704281647894171,0.00691834821998704,0.00107050905112302,0.00280694609223432,0.000182850769749351,0.00171197429380321,0.000957885151964476,5.91712411483734e-05,0.00126820686805906,0.006948932196854,0.0105955875688525,0.000170440247389028,0.00162148524315429,0.00325543113745362,0.00394088877290432,0.0055276302468058,0.0009104028165431,0.000246477686846201
"G[T>A]C",0.00298833098107823,0.00633590336482071,0.000729497292763321,0.0021568421005502,0.000159406813811349,0.00131641528793321,0.00163286292018418,0.000183352292796499,0.00640141833874339,0.0107392228764851,0.0174086949440758,0.00159684398506648,0.00501041165620277,0.00269044869608676,5.308091991903e-81,0.00336662254295906,0.00123552406093161,0.000856925685681972
"G[T>A]G",0.0023913088396012,0.00712141285046123,0.00247414521946879,0.0032555042905746,9.11776806750679e-14,0.00147720288099169,0.00202087245836909,0,0.00146014005433726,0.00564054527706882,0.00423897109025157,0.000133038751703581,0.00469354285538351,0.00212024712883204,5.00959762783466e-27,0.00452681366289407,0.0013160501439581,0.000167100347601462
"G[T>A]T",0.00671987952332821,0.0123765722799544,3.00225014406433e-12,0.00514365644561329,6.7082656901153e-06,0.00195610845991556,0.00247901383789598,0.000588727477401727,0.00477747620725745,0.00539652530343059,0.0115670043647707,0.00127468787731928,0.00407308204609852,0.00800929041312377,3.06902131094987e-15,0.00394511683041832,0.00257714441831679,0.000921942842058699
"T[T>A]A",0.0142178011079541,0.010831191125033,0.0153653659783021,0.0197043927560956,0.00226313392234906,0.00769321335892057,0.0084612055141051,0.000838961262339317,0.00107886600166363,0.00542566042801754,0.0111774743669974,0.000420079470717387,0.0113083562256586,1.61613877513492e-90,0.0664580470028592,0.0179966038235458,0.00782484257278272,0.000681608704544101
"T[T>A]C",0.00427408634478422,0.00977388728243448,0.00128485364047856,0.0038909512204562,0.000328054604844515,0.00203445933264097,0.000647008273179132,0.00130581451045039,0.00138819484553484,0.00436578294905365,0.00394864026317361,0.000934460972487151,0.00795938547770462,0.00482695099785828,0.00150718808389,0.00215930769374263,0.00159081417552952,0.00148227664688232
"T[T>A]G",0.00200558048456584,0.00727259580861328,0.00154972722761168,0.00273820953143253,0.000247251490946327,0.00182709860058146,0.000742186915344805,0.000719388985209654,0.000243099407875661,0.00189638518174453,0.0102519082083475,6.63800753430269e-05,0.00446467218597252,0.00402736404659203,0.0278866430043236,0.00268040518462722,0.000929568722472281,0.00014801126798241
"T[T>A]T",0.0137486628620113,0.0205202691230067,0.00867641073207913,0.0116862323270471,0.00112957180248955,0.00654689876160543,0.0253085921379967,0.00807187362617084,0.00261438585033281,0.0050195951671847,0.0092915462526753,0.00302934928099493,0.020412183572942,0.00932012764865852,0.0326463057250462,0.0256569411958942,0.0125813479064032,0.00278542240805993
"A[T>C]A",0.00803547391613734,0.0237980111375852,0.029019648458176,0.00934547021611169,0.000977663199878527,0.0120317368507934,0.0254908963097581,0.0068392663108617,0.0183810021852815,0.0498891820460576,0.0115900956470075,0.00958189240869646,0.00916830820140504,0.042878912443195,0.0248746156563697,0.0550129943035507,0.0181701480475906,0.0239084986238248
"A[T>C]C",0.00426371271011498,0.0111642660945865,0.00799783317424057,0.00467858085598419,0.00104525958470671,0.00286970956109216,0.00813766613600987,0.00381104293361678,0.0108894932704517,0.0136446575919147,0.00700407682177365,0.00624498377331418,0.00500924973896083,0.0108985286587801,0.00949891667516105,0.0179706108707927,0.00610381385837499,0.00913326133884438
"A[T>C]G",0.00467062341571601,0.017625191033529,0.018333612800384,0.00242593859883435,0.000592775119707288,0.00684955514725422,0.0284435145901712,0.00342693107950064,0.0290911946671128,0.0295579854859833,0.0171172783587837,0.00665069336505841,0.00830521512495149,0.0267595076926356,0.0160167084384731,0.0397328335415081,0.0160253618738581,0.0133516113243229
"A[T>C]T",0.0101816898939766,0.0262144686080605,0.0239073447251633,0.00891519943789733,0.00165490704485276,0.0113717951831628,0.00468215878846407,0.00563071400227796,0.011547402499064,0.0230819313002233,0.0122543435253862,0.00285306102856565,5.20169463351051e-48,0.0344904776033386,0.0281545124471572,0.0153899565811868,0.00703732058972584,0.0106637629070825
"C[T>C]A",0.00906069707173075,0.00973510342166318,0.00840270498758791,0.00362383938114108,0.00123976044372773,0.00257800668908442,0.0162055396114135,0.000808591403191352,0.0203268348821619,0.027853219819483,0.00613332737402061,0.00285560502617632,0.0112676161517826,0.00774701194457148,0.00792986461428694,0.0313668023329832,0.00650096434438837,0.00561018226619104
"C[T>C]C",0.0239907476295688,0.0124043922399084,0.00469660932498908,0.00366392142650266,0.00117804086993516,0.00278995395984065,0.00913821839916741,0.000952345062573607,0.0196828226691754,0.0123673747428064,0.00421988111542105,0.00485953244495374,0.0158616760988945,0.0117687610690803,0.00221810090851018,0.019674053380208,0.00542656470814047,0.00943386115076261
"C[T>C]G",0.0216018567767042,0.00915345196051832,0.0101551509075128,0.00250882929859276,0.000625969381991583,0.00433481362367407,0.0328377461147986,0.000893202612860543,0.0422978167253724,0.029651870989863,0.0131443539788852,0.00516380948247713,0.0145708809300768,0.00902560220169239,0.00415623679263873,0.0431849718382067,0.0138950917083603,0.00832520362012289
"C[T>C]T",0.0653820306323221,0.0104479414835128,0.00681377413728875,0.00564884644881163,0.00198847939811707,0.00235860385431648,0.016151051607177,0.000729400736951851,0.0227855613526899,0.0145942655819985,0.0110600025667407,0.00213629701831218,0.0197250966603452,0.0083483079385993,0.0132340213689935,0.03045247830059,0.00878110220501259,0.00781253925261489
"G[T>C]A",0.00309342580160433,0.00972883772062784,0.0115065557297354,0.00713139322462957,0.000922092846033452,0.00434738716916455,0.0238618669303769,0.0105206743760594,0.0137368235569632,0.0866854892082903,0.00493049109401157,0.018547958097314,0.004181802601403,0.0116469439017015,0.0085231819377836,0.0470134608791664,0.00801166388998786,0.0359044603712691
"G[T>C]C",0.00726947017509101,0.00644713471892029,0.00659799624874477,0.00447030829255922,0.00179968755566972,0.00133676451229022,0.0081259315353083,0.00939573831024432,0.00869748165344417,0.0244380441970135,0.00499700163311167,0.0176394846713426,0.0133011596834696,0.00561000732110814,0.00424981226202173,0.0187335924439886,0.00231510131027004,0.0176632577462018
"G[T>C]G",0.00528977130281708,0.00755501912412992,0.01009903832364,0.00314444157845197,0.00132427911406207,0.00171228784946793,0.0200518978352635,0.00536940474660393,0.0230154819123787,0.0534231550140112,0.010867033654612,0.0108964214116203,0.00636963384773104,0.00845474938801546,0.00350625778067407,0.0314015734123225,0.00677518668994929,0.0285035297388496
"G[T>C]T",0.00883810363998204,0.0112054850433009,0.0131395568228197,0.00415394386282493,0.000775606109072656,0.00494364179563315,0.0115203278512084,0.0148419767564846,0.0107379716722916,0.0567743800186796,0.0068124630570763,0.0101057636600413,0.00471730965430406,0.0147026112338404,0.00805880434133752,0.0256982078137478,0.00295609929699638,0.0247957099569847
"T[T>C]A",0.00809891755060507,0.0140488395724161,0.0127965625514854,0.00605147045296503,0.00404410531897429,0.00141746213500171,0.0193251313718223,0.00682745684015702,0.0145986988640182,0.0648891260535259,0.0111874677909946,0.00748158478415489,0.0108293042068367,0.0138622284010882,0.0103837564930541,0.0376638443505536,0.0100611005783279,0.0167656388702585
"T[T>C]C",0.0115161117131916,0.0121775659045303,0.00841642021416315,0.00637615833198905,0.00112364901036551,0.00336086596316234,0.0157954656556515,0.00629631765458304,0.0117480209512209,0.0265193680416054,0.0137738587392338,0.00815861920059242,0.0140443340631061,0.00832953019615454,0.00929206981009437,0.0323041913912335,0.0074777080321132,0.0151037482099293
"T[T>C]G",0.0057709915441491,0.00699013275070804,0.0100390505921352,0.00219601582401159,0.00179093184282239,0.00127678331542964,0.0182000275502079,0.00440298288569187,0.0160936928486587,0.0283465473863916,0.0142584832178875,0.00548096505595948,0.0065096775075977,0.00988300449988996,0.00382539002187167,0.0252664201436062,0.00899557621580475,0.0126739919639905
"T[T>C]T",0.0172532821002181,0.0136699522828244,0.0172211273640569,0.0073218813425825,0.00229158885920444,0.00401932638886173,0.0480962797529839,0.0100772847625675,0.0166021854511634,0.0404078682305915,0.0211823074420046,0.00591638297424828,0.021206361268881,0.0102996975580689,0.0173411129155976,0.0653959661061784,0.0183763074126826,0.0191934333063826
"A[T>G]A",0.00346103387013145,0.00707453698130956,0.00376662546041188,0.00281264866813926,0.00119281275261961,0.00106096212640553,3.97688324537216e-22,0.00255644813696278,2.03485961232577e-21,0.00111760681072284,0.0107607685428008,6.54054659437669e-64,0.00189513830570243,0.00244604509413858,0.0472194123533858,0.00505610336533291,0.00098333819998219,0.000436014500980499
"A[T>G]C",0.00277858332841422,0.00269365392552561,0.00242071042047349,0.000405403964069433,0.000329955373737336,0.000855398752759842,0.000821540611002302,0.00319228821141792,0.000439431113879048,0.00113921078179677,0.00185737742183116,0.00118167461566889,0.00169514629179294,0.00106254658021094,0.00517244466095757,0.00302220537073284,0.000592308682656484,0.00334698275176546
"A[T>G]G",0.00492200722640196,0.00869077279307995,0.00275401518253143,0.0016046328941844,4.84710384484998e-05,0.0020379295828628,5.51582718326217e-30,0.00156639465431908,0.000497595128355784,0.000255583942497204,0.00358432353604419,0.000271040538386366,0.00486045464206392,0.00501181488745107,0.00385681845323474,0.00248234036265424,0.000937737322500491,0.00128443650636964
"A[T>G]T",0.035887770419708,0.00428009506594688,0.00467801367191028,0.00209508126188682,0.00122939203204508,0.00282600640924965,0.00207844545742028,0.026891186889057,0.00359983786299949,0.00105613830219024,0.0143441950497331,0.00477487436320193,0.00145596727234496,0.00499884186098063,0.0191097860650425,0.00631717033223518,0.00168263157716883,0.0135693164481598
"C[T>G]A",0.00386837267456466,0.00410698025584343,0.00218792164201609,0.00100262156055258,0.000355594053152104,0.000724479570374349,0.000332120605814456,0.00294009890143008,0.00110604335819862,0.000263085474789526,0.00929167497374075,6.95353276112571e-05,0.00217181107815286,0.0024742680743761,0.0104852681702031,0.00143788513180831,0.000327981671265612,0.000693971108571069
"C[T>G]C",0.0105141826906284,0.00423457351769844,0.00251355417179087,2.19678087248245e-05,0.000967456644887966,0.000927625231786865,0.00295166275598265,0.00107592940443592,0.00243532739784673,0.000789361811129507,0.001901380263036,0.000609434386328858,0.0011430252475854,0.00453109111794718,0.00239147244005229,0.00582349937792616,0.000684424693443624,0.00305159064675534
"C[T>G]G",0.00985311929560327,0.00835147985497468,0.00192903013088261,0.00217519477530522,0.00160267782091475,0.000709893879185606,0.00331521446759062,0.00250133143965069,0.00370617776975786,0.000647162215070164,0.010808493708099,0.0003848878885491,0.00321748534259407,0.00440109475663677,0.00644496165709596,0.00677968128942297,0.00124338374512493,0.00194220400032802
"C[T>G]T",0.150708665393853,1.26370040355569e-13,0.00108423703061951,4.49700233216135e-09,0.00273595903976417,0.00218975539845692,0.00458768149563842,0.0156279035944595,0.00824946500198296,0.00106519874419363,0.0156148180417368,0.00183970260340028,0.000181107532740908,0.00352361010751703,1.54073464548658e-10,4.07626039122535e-08,0.00103549119055949,0.0104808982260108
"G[T>G]A",0.000770577455015015,0.0038421671378011,0.00148388786828423,9.79574613523898e-05,9.86948401905918e-22,0.0014054200658709,1.59684000355784e-26,0.000933435919978488,0.000249546995611881,0.00052398204650544,0.00264398703056642,0.000207486920053444,0.00167924688462319,0.000706086794608925,0.00744432633671899,0.00188600557035919,0.000214020898099245,0.000551849427158261
"G[T>G]C",0.00349029994805806,0.0024498257481754,0.00150407432048056,0.000348764062760637,0.000537379694757464,0.000224953186275273,0.0004024840222976,0.00137947777006032,0.000683443757653121,0.00089852475213225,0.00179955765205314,0.00177823331394247,0.0046913964696452,0.00118965253185017,0.00226881569020966,0.0016971777544629,0.000440374038449255,0.00209445915894439
"G[T>G]G",0.00314033048633425,0.00831213065158972,0.00162785493902498,0.00188675013778362,0.000287304110949042,0.001008067952045,0.000453429790205977,0.000586130401524016,0.00116830183822925,0.000480104554136863,0.00142090421346054,0.00070008009575283,0.00325505146356152,0.0057067089851478,0.00278075292340448,0.00265836713040961,0.000286148629546407,0.00156320863858736
"G[T>G]T",0.0368631885188424,0.00326700054023561,0.00261788787153252,0.00190063389668601,0.00131269794173115,9.37121584426996e-09,0.0048439488203228,0.00377399034465237,0.00979910329108337,0.00164973224628581,0.00385766223547462,0.00384710605232793,0.0034722851614505,0.00244621110591098,0.004904566523442,0.00930938791279502,0.00216806375600167,0.00507978840856085
"T[T>G]A",0.0119710080045884,0.00762102323754011,0.00475795022629419,0.00189281160735568,0.00213431345079045,0.000824164297510645,8.62713576205739e-135,0.00786604237058014,5.5096787682058e-220,0.000454133957939044,0.0232344153944343,4.20497402512927e-133,0.00149880218776257,0.00645117357056759,0.0713339511105129,0.00122608718917169,0.000503036627547197,0.00111019206450722
"T[T>G]C",0.00418355078304068,0.00522394029748476,0.00399412790637851,0.000565362871532823,0.000777922752512855,0.000140038690115018,0.000276923971692648,0.00700480203513928,0.000230112984164021,0.00058927806406172,0.0027654247123166,0.00090258772094147,0.00395731880867859,0.00728185600332269,0.00740694496227929,0.00227219795194298,0.000527273910016154,0.00635353504090771
"T[T>G]G",0.00848239428438581,0.00925467430560487,0.00368739830985779,0.00271258269236899,0.000651161543773805,0.0018232435755489,0.00273820370359459,0.00230876041934818,0.000262445597895653,0.000544175438959793,0.0048420826888829,0.000117128803285621,0.00457053521530215,0.00558710983488751,0.0139510031020367,0.00493598017765209,0.00242417847706876,0.00108217856479679
"T[T>G]T",0.0736480330255213,0.00858897327167554,0.0120624837837265,0.00443410401288942,0.0027614010143187,0.0035792619760149,0.0208167524604784,0.105623510599002,0.00201295160522752,0.0026376768788677,0.0412485744553546,0.00549412830840376,0.0132967181488397,0.00878411511085838,0.0869433811495452,0.0206590848424646,0.0090642960857026,0.0293384359376658
